index,episode,map,start,action,tics_since_decision,psnr_dec,lpips_dec,copy_psnr_dec,latent_mse,hud_psnr_dec,copy_latent_mse,latent_mse_ratio,start_tic,scored_tic,context_motion,dup_latent,mse_dec,hud_mse_dec,scene_psnr_dec,scene_mse_dec,scene_lpips_dec,copy_mse_dec,copy_lpips_dec,scene_copy_psnr_dec,scene_copy_mse_dec,scene_copy_lpips_dec
67,39,1,67,-1,3,23.58171844482422,0.2418973296880722,22.84541893005371,0.23815564811229706,24.20075225830078,0.25577089190483093,0.9311287999153137,67,99,0.41935768723487854,0,0.00438357051461935,0.003801237093284726,23.493858337402344,0.004473160021007061,0.29319044947624207,0.005193476099520922,0.16869285702705383,22.452619552612305,0.005685099866241217,0.20241469144821167
161,39,1,161,-1,1,22.819183349609375,0.2609342336654663,21.10292625427246,0.3089871406555176,25.772544860839844,0.39664891362190247,0.7789940237998962,161,193,0.415414035320282,0,0.005224945489317179,0.0026469496078789234,22.501432418823242,0.005621559917926788,0.30891212821006775,0.007757240440696478,0.2104884833097458,20.629600524902344,0.008650473318994045,0.24814444780349731
253,39,1,253,-1,1,23.265243530273438,0.40195053815841675,21.101314544677734,0.2576121389865875,23.90707778930664,0.3699429929256439,0.6963562965393066,253,285,0.4252299666404724,0,0.004714935552328825,0.00406716950237751,23.17440414428711,0.004814592190086842,0.47291091084480286,0.0077601224184036255,0.37102270126342773,20.663206100463867,0.008583796210587025,0.43290531635284424
305,39,1,305,-1,1,22.698997497558594,0.29971250891685486,20.493928909301758,0.27173522114753723,24.857925415039062,0.3567553758621216,0.7616850137710571,305,337,0.4313267171382904,0,0.005371558014303446,0.0032674376852810383,22.44485855102539,0.00569526944309473,0.3441885709762573,0.008924975991249084,0.30926206707954407,20.055980682373047,0.00987192988395691,0.35826271772384644
354,39,1,354,-1,2,23.513858795166016,0.2652161121368408,21.825748443603516,0.2899782657623291,25.046377182006836,0.38559839129447937,0.7520214319229126,354,386,0.43339523673057556,0,0.004452605731785297,0.0031286883167922497,23.319604873657227,0.004656285047531128,0.3063220679759979,0.006567882373929024,0.2498609721660614,21.324708938598633,0.007371047046035528,0.29660117626190186
511,39,1,511,-1,3,24.49262237548828,0.2614808678627014,23.14456558227539,0.2601108253002167,25.585411071777344,0.34827539324760437,0.7468538880348206,511,543,0.4090655446052551,0,0.0035541686229407787,0.0027634978760033846,24.34646987915039,0.0036758100613951683,0.3076734244823456,0.004847787786275148,0.22033347189426422,22.70587921142578,0.00536305271089077,0.2625260055065155
561,39,1,561,-1,1,23.336692810058594,0.2729411721229553,21.675941467285156,0.2427959442138672,25.401687622070312,0.3523430824279785,0.6890895962715149,561,593,0.4154578745365143,0,0.004638000391423702,0.002882911590859294,23.0909423828125,0.004908014088869095,0.3150211572647095,0.006798387039452791,0.27892646193504333,21.217960357666016,0.007554465439170599,0.32563912868499756
570,39,1,570,-1,2,23.609445571899414,0.2551106810569763,21.94837188720703,0.26840388774871826,24.96019744873047,0.32578662037849426,0.8238640427589417,570,602,0.42598241567611694,0,0.004355676006525755,0.003191392868757248,23.43442153930664,0.004534796811640263,0.29300010204315186,0.006385028827935457,0.17969149351119995,21.63163185119629,0.006868101190775633,0.21013689041137695
572,39,1,572,-1,0,23.794601440429688,0.23133617639541626,22.861160278320312,0.26747703552246094,25.512950897216797,0.31614547967910767,0.8460568189620972,572,604,0.4268457293510437,0,0.004173881374299526,0.002809991827234626,23.581581115722656,0.00438371067866683,0.26733288168907166,0.005174686666578054,0.14316731691360474,22.449432373046875,0.005689272191375494,0.16649802029132843
600,39,1,600,-1,0,23.265857696533203,0.3184088170528412,21.945619583129883,0.30158814787864685,25.39810562133789,0.3498173654079437,0.8621302843093872,600,632,0.4211558699607849,0,0.004714269656687975,0.002885290654376149,23.014080047607422,0.004995651077479124,0.3700825572013855,0.006389076821506023,0.2564081847667694,21.50409507751465,0.0070727854035794735,0.29448696970939636
606,39,1,606,-1,2,23.604061126708984,0.2779703438282013,21.346664428710938,0.24570965766906738,25.877933502197266,0.3686610162258148,0.6664921045303345,606,638,0.4307003319263458,0,0.004361079540103674,0.0025834892876446247,23.339920043945312,0.004634554497897625,0.3237035870552063,0.007333873771131039,0.28750425577163696,20.896387100219727,0.008135071024298668,0.3389050364494324
893,39,1,957,-1,1,23.00321388244629,0.3410509526729584,21.94181251525879,0.2715115547180176,23.49054527282715,0.3317239582538605,0.8184863924980164,957,989,0.42403051257133484,0,0.005008164793252945,0.004476570524275303,22.932865142822266,0.005089948419481516,0.4021338224411011,0.006394680123776197,0.25961270928382874,21.492280960083008,0.007092051208019257,0.30361223220825195
1010,39,1,1106,-1,2,23.40194320678711,0.3002750277519226,21.49336814880371,0.25686827301979065,24.325735092163086,0.3181210458278656,0.807454526424408,1106,1138,0.4206196963787079,0,0.004568837583065033,0.003693402511999011,23.275772094726562,0.004703519865870476,0.3571234345436096,0.007090275641530752,0.24699321389198303,21.11644744873047,0.0077331289649009705,0.29380497336387634
1064,39,1,1160,-1,0,23.96538543701172,0.30066120624542236,22.91973876953125,0.25067275762557983,24.746795654296875,0.32420799136161804,0.7731850147247314,1160,1192,0.409978449344635,0,0.004012929275631905,0.003352126572281122,23.856733322143555,0.004114591516554356,0.3576006591320038,0.0051053608767688274,0.26410752534866333,22.535964965820312,0.005577034782618284,0.3205128014087677
1324,39,1,1516,-1,1,23.45181655883789,0.3208774924278259,24.311302185058594,0.25003358721733093,23.55299186706543,0.2169950306415558,1.1522549390792847,1516,1548,0.42809122800827026,0,0.004516669549047947,0.004412664100527763,23.436458587646484,0.0045326706022024155,0.3803572654724121,0.003705697599798441,0.18204878270626068,23.96532440185547,0.004012985620647669,0.21201671659946442
1382,39,1,1574,-1,3,23.840972900390625,0.3299012780189514,22.544147491455078,0.2520463466644287,22.879329681396484,0.33681127429008484,0.7483310699462891,1574,1606,0.3938399851322174,0,0.004129549954086542,0.005153085105121136,24.00981903076172,0.003972082864493132,0.3919967710971832,0.005566537845879793,0.2949458956718445,22.29836654663086,0.005890652071684599,0.3459853529930115
1569,39,1,1825,-1,1,25.593042373657227,0.2059134691953659,29.852428436279297,0.1381470412015915,26.913711547851562,0.06744315475225449,2.0483479499816895,1825,1857,0.29583969712257385,0,0.002758644986897707,0.0020353023428469896,25.421287536621094,0.002869928488507867,0.24308925867080688,0.0010345635237172246,0.06686323881149292,29.362667083740234,0.0011580666759982705,0.07862826436758041
1647,39,1,1935,-1,2,23.558929443359375,0.3213777542114258,22.038482666015625,0.2580890357494354,24.047771453857422,0.36827635765075684,0.7008026242256165,1935,1967,0.3883619010448456,0,0.004406636580824852,0.0039375219494104385,23.48837661743164,0.004478808026760817,0.3741711974143982,0.00625391211360693,0.23063510656356812,21.699440002441406,0.006761704105883837,0.2586428225040436
1681,39,1,1969,-1,0,24.189064025878906,0.3302266597747803,24.57138442993164,0.26970869302749634,23.593740463256836,0.3157149851322174,0.8542790412902832,1969,2001,0.3887598216533661,0,0.003811479778960347,0.00437145447358489,24.288352966308594,0.0037253296468406916,0.3908580541610718,0.0034902894403785467,0.2055726796388626,24.27666473388672,0.0037353690713644028,0.24479800462722778
1770,39,1,2090,-1,2,24.016151428222656,0.3104780912399292,22.876323699951172,0.22253762185573578,24.724781036376953,0.2685900330543518,0.8285401463508606,2090,2122,0.3804572820663452,0,0.003966294229030609,0.0033691609278321266,23.916706085205078,0.0040581608191132545,0.35841798782348633,0.0051566483452916145,0.16478709876537323,22.534767150878906,0.005578577984124422,0.18984325230121613
1823,39,1,2175,-1,1,22.523956298828125,0.4672023355960846,22.205259323120117,0.22244611382484436,22.923851013183594,0.3086857497692108,0.7206231951713562,2175,2207,0.39681440591812134,0,0.005592482164502144,0.005100524518638849,22.465572357177734,0.00566816795617342,0.553614616394043,0.0060183024033904076,0.3616124391555786,21.83342742919922,0.00655627716332674,0.4328908324241638
1871,39,1,2255,-1,0,23.042009353637695,0.2977650761604309,21.3126163482666,0.25604119896888733,23.634641647338867,0.38309571146965027,0.6683478355407715,2255,2287,0.4649980664253235,0,0.0049636270850896835,0.004330478608608246,22.95760726928711,0.005061034578830004,0.3473610281944275,0.007391601335257292,0.28712520003318787,20.905561447143555,0.00811790581792593,0.32217615842819214
2455,39,1,2967,-1,2,24.457275390625,0.2896849811077118,24.504131317138672,0.23018358647823334,24.607379913330078,0.24744239449501038,0.9302511811256409,2967,2999,0.37737956643104553,0,0.0035832116845995188,0.0034614817705005407,24.434635162353516,0.0036019394174218178,0.3378267288208008,0.003544759238138795,0.1411067098379135,24.141672134399414,0.0038533008191734552,0.16245970129966736
2481,39,1,2993,-1,0,25.973356246948242,0.181875079870224,27.720352172851562,0.18619467318058014,25.527587890625,0.16297884285449982,1.1424468755722046,2993,3025,0.35022416710853577,0,0.0025273445062339306,0.002800536807626486,26.046184539794922,0.0024853148497641087,0.21510478854179382,0.0016903040232136846,0.10102031379938126,27.35049819946289,0.001840561511926353,0.11907926201820374
2750,39,1,3294,-1,1,22.75127410888672,0.26694947481155396,21.90913963317871,0.25583162903785706,22.80508804321289,0.3635868728160858,0.7036327719688416,3294,3326,0.4484773278236389,0,0.005307289771735668,0.0052419318817555904,22.743051528930664,0.005317344795912504,0.2973707318305969,0.0064429729245603085,0.1896447092294693,21.63187026977539,0.0068677267991006374,0.20774143934249878
2760,39,1,3304,-1,3,22.782609939575195,0.32872891426086426,20.63688087463379,0.2795209586620331,23.56189727783203,0.38427039980888367,0.727406919002533,3304,3336,0.4325917959213257,0,0.005269133020192385,0.004403623752295971,22.674224853515625,0.005402287468314171,0.3773192763328552,0.008635987527668476,0.25516730546951294,20.240558624267578,0.00946115143597126,0.28739506006240845
2931,39,1,3475,-1,2,23.025775909423828,0.3082272708415985,22.422832489013672,0.23773665726184845,23.560331344604492,0.3274345397949219,0.7260586023330688,3475,3507,0.38270798325538635,0,0.004982216749340296,0.00440521165728569,22.94907569885254,0.005070987157523632,0.3625755310058594,0.0057242251932621,0.2510101795196533,21.99162483215332,0.006321755703538656,0.29684770107269287
3172,39,1,3780,-1,3,23.869535446166992,0.28612473607063293,23.18285369873047,0.25777754187583923,25.176820755004883,0.30527380108833313,0.844414234161377,3780,3812,0.408128947019577,0,0.004102479200810194,0.0030361132230609655,23.69924545288086,0.004266535863280296,0.3384888470172882,0.004805235657840967,0.1539056897163391,22.76074981689453,0.005295721814036369,0.18315503001213074
3185,39,1,3793,-1,0,24.34420394897461,0.29086899757385254,24.141721725463867,0.2237093448638916,24.461048126220703,0.30554109811782837,0.7321743369102478,3793,3825,0.3959071636199951,0,0.0036777290515601635,0.0035801006015390158,24.32650375366211,0.003692749422043562,0.3482725918292999,0.0038532549515366554,0.1841726303100586,23.705732345581055,0.004260167945176363,0.2205258011817932
3313,39,1,3953,-1,3,24.579421997070312,0.29520994424819946,23.177309036254883,0.238306924700737,24.28905487060547,0.31923002004623413,0.7465053796768188,3953,3985,0.4061180353164673,0,0.0034838358405977488,0.0037247275467962027,24.625871658325195,0.003446775721386075,0.34639304876327515,0.004811374004930258,0.1809927374124527,22.87763786315918,0.0051550897769629955,0.21103091537952423
3418,39,1,4090,-1,3,24.62232780456543,0.38153648376464844,24.441219329833984,0.2804098129272461,22.35858154296875,0.3534277379512787,0.7934007048606873,4090,4122,0.40579578280448914,0,0.0034495892468839884,0.005809542257338762,25.105308532714844,0.0030865194275975227,0.4484448730945587,0.003596484661102295,0.28509005904197693,24.35321807861328,0.003670104080811143,0.34623026847839355
3541,39,1,4213,-1,2,22.542001724243164,0.42116907238960266,23.556833267211914,0.28223851323127747,21.834815979003906,0.3365574777126312,0.838604211807251,4213,4245,0.39501190185546875,0,0.005569288972765207,0.006554178427904844,22.66179847717285,0.005417767912149429,0.492556631565094,0.0044087618589401245,0.314409077167511,23.31869125366211,0.004657264798879623,0.37304192781448364
3778,156,1,157,-1,2,22.86615753173828,0.3851214051246643,21.71250343322754,0.29955077171325684,22.248876571655273,0.37218138575553894,0.8048515915870667,157,189,0.46196210384368896,0,0.005168736446648836,0.005958163179457188,22.96942138671875,0.00504728639498353,0.4371989071369171,0.006741394754499197,0.30943432450294495,21.382614135742188,0.007273420691490173,0.35584476590156555
3836,156,1,215,-1,0,17.24403190612793,0.41352084279060364,16.561840057373047,0.3797414004802704,23.41474151611328,0.4530200958251953,0.8382440805435181,215,247,0.3931353986263275,0,0.018862394616007805,0.004555393476039171,16.764699935913086,0.021063469350337982,0.46900272369384766,0.022070690989494324,0.3152599036693573,16.023391723632812,0.02498394064605236,0.3511520028114319
4051,156,1,462,-1,2,23.079586029052734,0.2527332007884979,21.182422637939453,0.24517767131328583,24.78338050842285,0.3531670570373535,0.6942257881164551,462,494,0.4434385597705841,0,0.004920865874737501,0.0033240080811083317,22.868005752563477,0.00516653573140502,0.29346150159835815,0.0076165408827364445,0.2544318437576294,20.775671005249023,0.008364364504814148,0.2956683039665222
4177,156,1,620,-1,1,23.512842178344727,0.3647932708263397,21.47791862487793,0.25039467215538025,23.55837059020996,0.3806540071964264,0.6578012108802795,620,652,0.46835020184516907,0,0.004453646019101143,0.004407202824950218,23.505882263183594,0.004460791125893593,0.4191651940345764,0.007115548476576805,0.3128972053527832,20.99713134765625,0.00794853363186121,0.3610914349555969
4196,156,1,639,-1,0,23.542919158935547,0.28355544805526733,22.45140266418457,0.24983631074428558,23.89650535583496,0.3338213860988617,0.7484131455421448,639,671,0.4493919909000397,0,0.004422909114509821,0.0040770829655230045,23.490991592407227,0.004476113244891167,0.32477861642837524,0.005686690099537373,0.1711885631084442,22.108137130737305,0.006154407747089863,0.19225318729877472
4282,156,1,757,-1,0,23.80722999572754,0.3674268126487732,25.431718826293945,0.301489919424057,23.798686981201172,0.3544629216194153,0.8505541682243347,757,789,0.4161592423915863,0,0.004161759279668331,0.004169954918324947,23.808547973632812,0.004160498268902302,0.4404367208480835,0.0028630453161895275,0.23345035314559937,25.414825439453125,0.002874203957617283,0.27696117758750916
4467,156,1,1006,-1,1,23.730974197387695,0.4402214288711548,21.275766372680664,0.23381853103637695,23.730388641357422,0.325423926115036,0.7185044288635254,1006,1038,0.40561312437057495,0,0.004235480446368456,0.004236050881445408,23.731061935424805,0.004235392902046442,0.5225776433944702,0.007454585283994675,0.4035656750202179,20.872718811035156,0.00817952398210764,0.48486584424972534
4521,156,1,1060,-1,3,19.285255432128906,0.3559008538722992,17.8719482421875,0.3126552700996399,23.500099182128906,0.4257814884185791,0.734309196472168,1060,1092,0.4282649755477905,0,0.011788930743932724,0.0044667357578873634,18.888914108276367,0.012915422208607197,0.40432682633399963,0.01632319577038288,0.3167189359664917,17.37119483947754,0.01831810362637043,0.35817861557006836
4525,156,1,1064,-1,3,22.063539505004883,0.299655020236969,19.716289520263672,0.29299837350845337,24.75164031982422,0.355059951543808,0.8252081871032715,1064,1096,0.4307021498680115,0,0.0062179346568882465,0.0033483910374343395,21.765647888183594,0.0066594029776751995,0.35081541538238525,0.010675077326595783,0.3224862217903137,19.19000244140625,0.012050356715917587,0.37224799394607544
4779,156,1,1382,-1,2,25.238821029663086,0.27894172072410583,24.14028549194336,0.23700086772441864,25.16912078857422,0.3613375425338745,0.6558988094329834,1382,1414,0.4048682749271393,0,0.0029930772725492716,0.003041500924155116,25.249643325805664,0.0029856276232749224,0.3329598307609558,0.0038545294664800167,0.1988510638475418,23.786632537841797,0.004181544296443462,0.23474453389644623
4784,156,1,1387,-1,3,25.1577205657959,0.3576880991458893,23.343109130859375,0.24223314225673676,23.47742462158203,0.3116467297077179,0.7772683501243591,1387,1419,0.40339407324790955,0,0.0030494953971356153,0.00449011567980051,25.48542022705078,0.0028278613463044167,0.42161738872528076,0.004631151910871267,0.304921418428421,22.980899810791016,0.005033961962908506,0.36497750878334045
4872,156,1,1507,-1,2,24.233972549438477,0.2956182658672333,23.58365821838379,0.2368755340576172,24.387434005737305,0.27622270584106445,0.857552707195282,1507,1539,0.42016860842704773,0,0.0037722690030932426,0.0036413006018847227,24.210838317871094,0.0037924181669950485,0.348290354013443,0.004381614737212658,0.13922788202762604,23.353008270263672,0.004620609804987907,0.1618935763835907
4988,156,1,1623,-1,2,24.69600486755371,0.2879626154899597,24.349544525146484,0.22061066329479218,24.964580535888672,0.28516170382499695,0.7736335396766663,1623,1655,0.39404821395874023,0,0.003391561796888709,0.0031881751492619514,24.65612030029297,0.0034228521399199963,0.34266379475593567,0.003673210274428129,0.16453008353710175,24.00790786743164,0.003973830491304398,0.19588707387447357
5156,156,1,1791,-1,2,24.725086212158203,0.2657107710838318,23.739482879638672,0.256013959646225,24.588489532470703,0.3343014717102051,0.7658176422119141,1791,1823,0.4028371274471283,0,0.0033689255360513926,0.003476570826023817,24.74648666381836,0.0033523649908602238,0.3004438281059265,0.004227188881486654,0.19916805624961853,23.51894760131836,0.004447391256690025,0.22140340507030487
5290,156,1,1925,-1,0,24.065288543701172,0.2678441107273102,23.68320083618164,0.2455846518278122,25.426862716674805,0.3201668858528137,0.7670519948005676,1925,1957,0.381850004196167,0,0.003921670373529196,0.002866248833015561,23.889095306396484,0.004084043670445681,0.30760034918785095,0.0042823301628232,0.17883698642253876,23.385536193847656,0.004586128983646631,0.2086503952741623
5518,156,1,2153,-1,0,21.494640350341797,0.3951517939567566,20.678451538085938,0.2943887412548065,24.096965789794922,0.36497393250465393,0.8066021203994751,2153,2185,0.4141555726528168,0,0.007088197395205498,0.003893171204254031,21.203458786010742,0.007579740136861801,0.46611085534095764,0.008553719148039818,0.30690863728523254,20.180103302001953,0.009593782015144825,0.35548490285873413
5584,156,1,2219,-1,2,24.941356658935547,0.440697580575943,24.63604164123535,0.2316700965166092,22.122671127319336,0.3411695063114166,0.6790469288825989,2219,2251,0.3998355567455292,0,0.003205268643796444,0.006133846938610077,25.59922981262207,0.0027547182980924845,0.5096670389175415,0.0034387127961963415,0.40203985571861267,24.61107063293457,0.0034585422836244106,0.4749631881713867
5677,156,1,2312,-1,3,24.852954864501953,0.2762593626976013,23.290584564208984,0.23863272368907928,25.056493759155273,0.3104250431060791,0.7687289714813232,2312,2344,0.4148479700088501,0,0.003271179972216487,0.0031214088667184114,24.822471618652344,0.003294222056865692,0.32771334052085876,0.004687505308538675,0.2548068165779114,22.918842315673828,0.005106410942971706,0.29801324009895325
5746,156,1,2381,-1,0,23.99150848388672,0.31717580556869507,23.888996124267578,0.2237420529127121,24.18757438659668,0.28366923332214355,0.7887427806854248,2381,2413,0.2901182472705841,0,0.003988862037658691,0.0038127878215163946,23.96211814880371,0.00401595002040267,0.36412471532821655,0.004084140062332153,0.14855065941810608,23.55615997314453,0.004409445449709892,0.17118792235851288
5959,156,1,2658,-1,3,23.42128562927246,0.34190699458122253,22.971942901611328,0.3018905818462372,23.141826629638672,0.38751181960105896,0.7790486812591553,2658,2690,0.4486982822418213,0,0.0045485361479222775,0.004850843921303749,23.465919494628906,0.00450202776119113,0.407416433095932,0.005044358782470226,0.2931579351425171,22.5649356842041,0.005539959296584129,0.3451128900051117
5986,156,1,2685,-1,2,23.897811889648438,0.3308718502521515,23.607131958007812,0.2590523362159729,24.40705108642578,0.3024752736091614,0.8564413785934448,2685,2717,0.44752851128578186,0,0.004075855016708374,0.0036248918622732162,23.82451057434082,0.004145233891904354,0.385349303483963,0.004357997328042984,0.23124919831752777,23.261491775512695,0.004719009157270193,0.26884037256240845
6034,156,1,2733,-1,2,24.1732234954834,0.29368504881858826,22.0897216796875,0.23966024816036224,24.680585861206055,0.3412245512008667,0.7023534774780273,2733,2765,0.4068317115306854,0,0.0038254065439105034,0.0034036231227219105,24.10017204284668,0.003890296444296837,0.346493124961853,0.006180562078952789,0.22924721240997314,21.652359008789062,0.006835401989519596,0.2633405029773712
6297,156,1,3028,-1,0,23.826494216918945,0.2944466769695282,23.074636459350586,0.25565284490585327,23.59420394897461,0.3058110177516937,0.8359830975532532,3028,3060,0.3945859670639038,0,0.004143340513110161,0.004370988812297583,23.863357543945312,0.0041083176620304585,0.34657999873161316,0.00492647523060441,0.16674746572971344,22.814023971557617,0.005231156945228577,0.19774216413497925
6319,156,1,3050,-1,2,24.55483627319336,0.2912196218967438,23.720542907714844,0.25071755051612854,24.890853881835938,0.31902167201042175,0.785895049571991,3050,3082,0.38383910059928894,0,0.003503614803776145,0.0032427585683763027,24.505374908447266,0.0035437466576695442,0.3350334167480469,0.004245664458721876,0.17384231090545654,23.413368225097656,0.004556833300739527,0.2022581845521927
6446,156,1,3177,-1,1,21.693012237548828,0.35161611437797546,19.94776725769043,0.2845703065395355,24.41798210144043,0.39830413460731506,0.7144548296928406,3177,3209,0.4090716242790222,0,0.006771717220544815,0.0036157784052193165,21.39228057861328,0.007257246412336826,0.4160822629928589,0.01012099627405405,0.2721106708049774,19.513620376586914,0.011185050942003727,0.3205374479293823
6533,156,1,3296,-1,3,23.906047821044922,0.273030161857605,22.689668655395508,0.23055124282836914,25.548538208007812,0.27313780784606934,0.8440839648246765,3296,3328,0.38727882504463196,0,0.004068133886903524,0.0027870587073266506,23.700584411621094,0.0042652226984500885,0.3164069950580597,0.005383108742535114,0.16628989577293396,22.299062728881836,0.0058897086419165134,0.18791542947292328
6777,156,1,3604,-1,3,19.60287094116211,0.4474272131919861,18.286930084228516,0.3287477195262909,23.433250427246094,0.4358235001564026,0.7543138861656189,3604,3636,0.46979910135269165,0,0.010957538150250912,0.004536019638180733,19.227970123291016,0.01194546278566122,0.5109177231788635,0.01483567152172327,0.3679819405078888,17.7582950592041,0.01675601117312908,0.4217054843902588
6992,156,1,3819,-1,2,24.49700164794922,0.3439044952392578,22.984743118286133,0.2532218396663666,23.54511070251465,0.34313449263572693,0.7379667162895203,3819,3851,0.40927770733833313,0,0.0035505860578268766,0.004420681390911341,24.663902282714844,0.0034167247358709574,0.41585928201675415,0.005029510706663132,0.30323630571365356,22.627357482910156,0.005460899323225021,0.3605121970176697
7042,156,1,3869,-1,0,23.946725845336914,0.3074955940246582,23.526914596557617,0.23965035378932953,25.039499282836914,0.2938273847103119,0.8156161308288574,3869,3901,0.38025301694869995,0,0.004030208103358746,0.0031336487736552954,23.800575256347656,0.004168140236288309,0.36357390880584717,0.004439240787178278,0.16979479789733887,23.08753204345703,0.004911869298666716,0.1994469165802002
7076,156,1,3903,-1,2,27.459064483642578,0.22390447556972504,27.809860229492188,0.16845057904720306,23.950054168701172,0.21684984862804413,0.776807427406311,3903,3935,0.3955519199371338,0,0.0017951210029423237,0.004027119837701321,28.381120681762695,0.0014517365489155054,0.2595333456993103,0.001655822852626443,0.11405494064092636,27.502290725708008,0.0017773419385775924,0.13843169808387756
7486,156,1,4377,-1,0,23.706758499145508,0.29729464650154114,23.442785263061523,0.2775079309940338,25.12519645690918,0.27740997076034546,1.0003530979156494,4377,4409,0.4021916687488556,0,0.0042591639794409275,0.0030724185053259134,23.52446746826172,0.004441740456968546,0.35068121552467346,0.004526072647422552,0.17379122972488403,23.081493377685547,0.004918704740703106,0.20550604164600372
7540,156,1,4431,-1,2,25.37109375,0.2963828444480896,25.318187713623047,0.2285533994436264,24.856822967529297,0.2888753414154053,0.7911834716796875,4431,4463,0.4022846817970276,0,0.002903291257098317,0.003268267959356308,25.45591163635254,0.0028471408877521753,0.35486137866973877,0.0029388763941824436,0.1707734316587448,24.97673225402832,0.003179265186190605,0.20832180976867676
7749,169,1,88,-1,0,24.152904510498047,0.4626074731349945,24.37881851196289,0.25571462512016296,23.323152542114258,0.3122933506965637,0.818828284740448,88,120,0.4082035720348358,0,0.0038433473091572523,0.004652484320104122,24.295894622802734,0.003718865104019642,0.5334017872810364,0.003648532321676612,0.1973678469657898,24.006776809692383,0.003974865656346083,0.2253858894109726
7768,169,1,107,-1,3,26.513805389404297,0.44551849365234375,25.069366455078125,0.22152793407440186,23.30538558959961,0.3290601670742035,0.6732140779495239,107,139,0.3809811472892761,0,0.0022316165268421173,0.004671557806432247,27.313655853271484,0.0018562409095466137,0.5195953845977783,0.0031121717765927315,0.26661258935928345,24.84893798828125,0.003274208167567849,0.30968374013900757
7979,169,1,350,-1,1,24.958335876464844,0.3102053701877594,23.605024337768555,0.25553184747695923,24.521236419677734,0.3603699505329132,0.7090820074081421,350,382,0.41785499453544617,0,0.0031927621457725763,0.003530827583745122,25.0296630859375,0.0031407519709318876,0.35495924949645996,0.004360110964626074,0.2950463891029358,23.201189041137695,0.0047849928960204124,0.342291921377182
8073,169,1,444,-1,3,23.648334503173828,0.2780720889568329,22.641590118408203,0.2528861165046692,24.802135467529297,0.33157727122306824,0.7626762986183167,444,476,0.43228158354759216,0,0.004316846374422312,0.0033096836414188147,23.495182037353516,0.004471794236451387,0.31639590859413147,0.005443034693598747,0.1960417628288269,22.311573028564453,0.0058727688156068325,0.21449042856693268
8293,169,1,664,-1,3,23.502666473388672,0.33876872062683105,22.117961883544922,0.27861225605010986,23.22031021118164,0.3943394124507904,0.7065290808677673,664,696,0.41448894143104553,0,0.0044640954583883286,0.004763971082866192,23.54778289794922,0.004417960532009602,0.38316503167152405,0.0061405012384057045,0.2558622360229492,21.71603012084961,0.0067359223030507565,0.29042792320251465
8301,169,1,672,-1,3,23.84698486328125,0.35833293199539185,23.1855411529541,0.3163580000400543,23.479822158813477,0.3627606928348541,0.8720845580101013,672,704,0.42711111903190613,0,0.004123840481042862,0.004487637896090746,23.906328201293945,0.00406787171959877,0.4079955816268921,0.004802260547876358,0.19695235788822174,22.813913345336914,0.005231288727372885,0.22594274580478668
8869,169,1,1304,-1,1,22.264802932739258,0.2706533372402191,20.422792434692383,0.2387838363647461,23.32881736755371,0.3625262379646301,0.6586663722991943,1304,1336,0.45001155138015747,0,0.005936355330049992,0.0046464200131595135,22.121992111206055,0.0061348071321845055,0.3074483275413513,0.009072368033230305,0.2505013346672058,19.92939567565918,0.010163898579776287,0.29369428753852844
8889,169,1,1324,-1,1,22.519617080688477,0.30345016717910767,21.060195922851562,0.29618608951568604,23.855998992919922,0.39047741889953613,0.7585229873657227,1324,1356,0.42450472712516785,0,0.005598070099949837,0.004115287214517593,22.346153259277344,0.005826191045343876,0.3518623113632202,0.00783394556492567,0.25523415207862854,20.603431701660156,0.008702751249074936,0.29295113682746887
9005,169,1,1472,-1,3,24.907184600830078,0.27195143699645996,24.412864685058594,0.22631032764911652,25.334190368652344,0.2651585638523102,0.8534905314445496,1472,1504,0.38938745856285095,0,0.0032305889762938023,0.0029280653689056635,24.845064163208008,0.0032771313562989235,0.326526403427124,0.0036200417671352625,0.15239161252975464,24.173547744750977,0.0038251220248639584,0.18484839797019958
9257,169,1,1788,-1,3,22.07586097717285,0.3288601338863373,19.74132537841797,0.2889537215232849,23.54475975036621,0.444137305021286,0.650595486164093,1788,1820,0.44760239124298096,0,0.006200317293405533,0.004421037621796131,21.88823890686035,0.006474052555859089,0.3772590160369873,0.010613715276122093,0.36938872933387756,19.285106658935547,0.011789336800575256,0.4206010699272156
9328,169,1,1859,-1,2,25.45417022705078,0.31749165058135986,25.282081604003906,0.24174907803535461,23.6619930267334,0.2965354919433594,0.8152450323104858,1859,1891,0.3935021758079529,0,0.0028482824563980103,0.004303292836993933,25.809642791748047,0.0026244348846375942,0.3769684433937073,0.0029634099919348955,0.20621690154075623,25.03438949584961,0.00313733727671206,0.24330969154834747
9397,169,1,1960,-1,2,23.47338104248047,0.37272122502326965,22.13313865661621,0.291153222322464,22.299179077148438,0.4208923280239105,0.6917522549629211,1960,1992,0.43615302443504333,0,0.004494297318160534,0.005889549385756254,23.685924530029297,0.004279643762856722,0.4332231879234314,0.006119080353528261,0.2806355357170105,21.8557186126709,0.0065227109007537365,0.32712695002555847
9454,169,1,2017,-1,3,24.312824249267578,0.27585309743881226,24.76935386657715,0.246442511677742,25.380146026611328,0.2958529591560364,0.8329898715019226,2017,2049,0.4045448899269104,0,0.0037043970078229904,0.0028972462750971317,24.169628143310547,0.0038285739719867706,0.33527085185050964,0.0033347613643854856,0.17405755817890167,24.356124877929688,0.0036676470190286636,0.20969198644161224
9469,169,1,2032,-1,2,24.127809524536133,0.36408287286758423,25.27240753173828,0.264838308095932,23.13993263244629,0.3429211676120758,0.7723008394241333,2032,2064,0.40506911277770996,0,0.003865618724375963,0.004852961748838425,24.301908493041992,0.003713719779625535,0.4372449517250061,0.002970019355416298,0.2530539035797119,25.18478012084961,0.003030556021258235,0.3082147240638733
9606,169,1,2169,-1,3,26.00094985961914,0.347028911113739,25.667865753173828,0.21752427518367767,23.3524169921875,0.28192242980003357,0.7715749144554138,2169,2201,0.4083293676376343,0,0.0025113376323133707,0.0046212379820644855,26.602031707763672,0.002186737721785903,0.41252097487449646,0.0027115256525576115,0.18190491199493408,25.29007339477539,0.0029579629190266132,0.21679037809371948
9781,169,1,2376,-1,2,22.379228591918945,0.33119580149650574,21.883445739746094,0.3045427203178406,23.806800842285156,0.374066561460495,0.8141404390335083,2376,2408,0.4594934582710266,0,0.005781985353678465,0.004162169992923737,22.19597053527832,0.006031188648194075,0.3865106999874115,0.006481202784925699,0.33895909786224365,21.521923065185547,0.007043811026960611,0.3877328634262085
9940,169,1,2599,-1,2,25.366413116455078,0.2833337187767029,24.03668975830078,0.22235994040966034,24.236413955688477,0.3471026122570038,0.640617311000824,2599,2631,0.3993225395679474,0,0.002906421199440956,0.0037701488472521305,25.569656372070312,0.0027735396288335323,0.3351325988769531,0.00394758116453886,0.1920698881149292,23.718109130859375,0.0042480467818677425,0.22571824491024017
9944,169,1,2603,-1,2,25.222013473510742,0.32752591371536255,24.503368377685547,0.27778196334838867,24.1412353515625,0.34341031312942505,0.8088923096656799,2603,2635,0.4005431830883026,0,0.0030046834144741297,0.003853687783703208,25.415029525756836,0.0028740675188601017,0.4002006947994232,0.0035453822929412127,0.2479848712682724,24.22579002380371,0.0037793838419020176,0.29701101779937744
9981,169,1,2672,-1,0,23.48369598388672,0.2697870135307312,22.71432113647461,0.2423935979604721,23.866369247436523,0.37064725160598755,0.6539738178253174,2672,2704,0.4208196699619293,0,0.004483637399971485,0.004105470608919859,23.427705764770508,0.004541816655546427,0.31046050786972046,0.005352637264877558,0.21097351610660553,22.324979782104492,0.005854667164385319,0.2431926280260086
10025,169,1,2716,-1,0,24.73809051513672,0.36947208642959595,23.74164581298828,0.2646033465862274,23.752979278564453,0.3129394054412842,0.845541775226593,2716,2748,0.40051618218421936,0,0.0033588542137295008,0.004214073996990919,24.911632537841797,0.0032272820826619864,0.4419967830181122,0.004225085489451885,0.28918033838272095,23.336694717407227,0.00463799899443984,0.3444160521030426
10048,169,1,2739,-1,3,23.887130737304688,0.2912219166755676,22.76963996887207,0.233457550406456,24.229877471923828,0.2939433455467224,0.794226348400116,2739,2771,0.3946879208087921,0,0.00408589281141758,0.003775828517973423,23.83672332763672,0.004133594688028097,0.34622693061828613,0.005284890066832304,0.20137080550193787,22.43924903869629,0.005702631548047066,0.23260682821273804
10254,169,1,2977,-1,2,25.225210189819336,0.23643119633197784,24.828279495239258,0.230142742395401,25.46248435974121,0.2542695701122284,0.9051132202148438,2977,3009,0.38915199041366577,0,0.0030024731531739235,0.0028428349178284407,25.189828872680664,0.003027032595127821,0.28303584456443787,0.003289820859208703,0.15215905010700226,24.55008316040039,0.003507451619952917,0.1788347065448761
10409,169,1,3196,-1,3,24.292573928833008,0.2605215609073639,22.550518035888672,0.23880039155483246,24.52345848083496,0.28385859727859497,0.8412653207778931,3196,3228,0.4233636260032654,0,0.0037217112258076668,0.003529020817950368,24.25811767578125,0.0037513556890189648,0.30531778931617737,0.005558379460126162,0.19019629061222076,22.231138229370117,0.005982551258057356,0.2186894714832306
10469,169,1,3256,-1,3,24.54515838623047,0.2994154393672943,23.604934692382812,0.24900756776332855,25.75401496887207,0.2942771017551422,0.8461669683456421,3256,3288,0.3877130150794983,0,0.0035114316269755363,0.0026582665741443634,24.385780334472656,0.0036426878068596125,0.3574914038181305,0.004360201768577099,0.14792688190937042,23.220752716064453,0.004763484932482243,0.1766679584980011
10470,169,1,3257,-1,0,24.41075325012207,0.2966807782649994,23.395349502563477,0.23972903192043304,24.92868423461914,0.2953178286552429,0.8117662072181702,3257,3289,0.38695794343948364,0,0.0036218028981238604,0.00321463355794549,24.336280822753906,0.0036844443529844284,0.35178497433662415,0.004575779661536217,0.17470288276672363,23.048017501831055,0.004956764634698629,0.20430782437324524
10714,169,1,3533,-1,3,23.60633087158203,0.29659172892570496,22.74386978149414,0.24172191321849823,23.685209274291992,0.307838499546051,0.785223126411438,3533,3565,0.4018515348434448,0,0.004358798731118441,0.0042803469114005566,23.594324111938477,0.00437086820602417,0.3528765141963959,0.0053163436241447926,0.2704242467880249,22.326496124267578,0.005852622911334038,0.32590022683143616
10795,169,1,3614,-1,0,23.704320907592773,0.2573093771934509,22.469745635986328,0.24325667321681976,25.11892318725586,0.29333263635635376,0.8292860984802246,3614,3646,0.3905188739299774,0,0.004261551890522242,0.003076861146837473,23.522443771362305,0.004443812184035778,0.2988361716270447,0.005662726238369942,0.18142884969711304,22.005884170532227,0.006301030516624451,0.20726735889911652
10853,169,1,3672,-1,2,24.28687858581543,0.31839290261268616,23.32598114013672,0.22974462807178497,24.874189376831055,0.32168617844581604,0.7141886949539185,3672,3704,0.4071711003780365,0,0.0037265955470502377,0.003255224786698818,24.20317840576172,0.0037991139106452465,0.37698182463645935,0.004649451468139887,0.29918938875198364,22.955020904541016,0.005064049735665321,0.3550207316875458
11127,169,1,3978,-1,3,23.29583740234375,0.32348695397377014,22.496456146240234,0.2547827661037445,22.70494270324707,0.2946573495864868,0.8646747469902039,3978,4010,0.3951164782047272,0,0.0046818372793495655,0.005364211276173592,23.39432716369629,0.004576857201755047,0.3874630331993103,0.005628002807497978,0.24016068875789642,22.19735336303711,0.006029271055012941,0.2878534495830536
11141,169,1,3992,-1,1,23.45667266845703,0.3231061100959778,22.878829956054688,0.24871182441711426,23.417203903198242,0.305509090423584,0.8140897750854492,3992,4024,0.39810776710510254,0,0.004511620849370956,0.004552812781184912,23.462779998779297,0.004505283664911985,0.39124131202697754,0.005153673235327005,0.3260982930660248,22.481483459472656,0.005647440440952778,0.3897412121295929
11208,169,1,4091,-1,1,18.880048751831055,0.3703470826148987,17.72686195373535,0.32149645686149597,21.989673614501953,0.3796575963497162,0.8468063473701477,4091,4123,0.4075259864330292,0,0.012941813096404076,0.006324593909084797,18.55119514465332,0.013959847390651703,0.4242745637893677,0.016877716407179832,0.28045719861984253,17.19782257080078,0.0190641637891531,0.3245793581008911
11524,169,1,4407,-1,1,25.1837158203125,0.25405117869377136,25.455860137939453,0.21120305359363556,25.778308868408203,0.22864405810832977,0.9237198233604431,4407,4439,0.4000355303287506,0,0.0030312975868582726,0.002643439220264554,25.099056243896484,0.0030909678898751736,0.3004738986492157,0.0028471744153648615,0.14927825331687927,25.08723258972168,0.0030993951950222254,0.17444470524787903
11844,195,1,226,-1,2,27.191293716430664,0.20986002683639526,24.496929168701172,0.13260993361473083,24.87767219543457,0.2754436135292053,0.48144131898880005,226,258,0.39165401458740234,0,0.001909285201691091,0.003252616850659251,27.688827514648438,0.001702618901617825,0.24981306493282318,0.0035506440326571465,0.2380272001028061,24.125120162963867,0.003868012921884656,0.281662255525589
12061,195,1,475,-1,0,24.752521514892578,0.3301289975643158,24.851171493530273,0.26233503222465515,24.273664474487305,0.35752153396606445,0.7337600588798523,475,507,0.4192706048488617,0,0.0033477104734629393,0.0037379504647105932,24.831113815307617,0.003287673695012927,0.40071380138397217,0.0032725248020142317,0.23092277348041534,24.54946517944336,0.0035079510416835546,0.2755362391471863
12536,195,1,1014,-1,0,21.27552032470703,0.33398929238319397,17.438127517700195,0.279362291097641,25.381555557250977,0.3845707178115845,0.7264263033866882,1014,1046,0.4082927107810974,0,0.007455004844814539,0.002896306337788701,20.885046005249023,0.008156342431902885,0.3930457830429077,0.01803794875741005,0.3368595838546753,16.867530822753906,0.020570604130625725,0.39425796270370483
12664,195,1,1206,-1,3,25.358173370361328,0.23573346436023712,25.540864944458008,0.16539688408374786,25.47154426574707,0.19919858872890472,0.8303115367889404,1206,1238,0.40031373500823975,0,0.002911941846832633,0.0028369100764393806,25.340991973876953,0.0029234853573143482,0.26993948221206665,0.0027919888962060213,0.13097764551639557,25.163928985595703,0.003045138670131564,0.15370821952819824
12672,195,1,1214,-1,3,25.27704620361328,0.3657419681549072,25.516775131225586,0.22760526835918427,21.74474334716797,0.29202771186828613,0.779396116733551,1214,1246,0.3838859796524048,0,0.002966849133372307,0.0066915350034832954,26.20908546447754,0.002393820323050022,0.424536794424057,0.002807518234476447,0.2420898824930191,25.58673095703125,0.002762657357379794,0.28207409381866455
12677,195,1,1219,-1,0,24.64270782470703,0.33165276050567627,24.414939880371094,0.2633873522281647,23.25847816467285,0.3262331187725067,0.8073593378067017,1219,1251,0.3825250267982483,0,0.003433436853811145,0.00472228555008769,24.90105438232422,0.003235152456909418,0.3956444561481476,0.00361831346526742,0.30429157614707947,24.32215118408203,0.0036964507307857275,0.36236727237701416
12682,195,1,1224,-1,1,23.722238540649414,0.31197667121887207,23.72535514831543,0.2514239251613617,24.09425926208496,0.3077384829521179,0.8170051574707031,1224,1256,0.37982630729675293,0,0.004244009032845497,0.0038955966010689735,23.667728424072266,0.004297611303627491,0.37278997898101807,0.004240964073687792,0.2404681146144867,23.442981719970703,0.004525867290794849,0.28668129444122314
12714,195,1,1256,-1,1,23.509159088134766,0.31432268023490906,23.835351943969727,0.2783730626106262,25.464221954345703,0.31251397728919983,0.890753984451294,1256,1288,0.4050406813621521,0,0.00445742579177022,0.002841697307303548,23.273483276367188,0.0047059995122253895,0.379096120595932,0.004134899936616421,0.2570266127586365,23.451427459716797,0.00451707374304533,0.31574544310569763
12889,195,1,1495,-1,1,23.704822540283203,0.3112250566482544,22.205045700073242,0.2590585947036743,23.875600814819336,0.33199572563171387,0.7803069949150085,1495,1527,0.4096755385398865,0,0.0042610629461705685,0.004096753429621458,23.67913246154785,0.004286341834813356,0.3695293068885803,0.006018601357936859,0.27039045095443726,21.876079559326172,0.006492204032838345,0.32272666692733765
13030,195,1,1668,-1,0,21.93973159790039,0.2981995940208435,19.436687469482422,0.2585345506668091,24.032869338989258,0.4086085259914398,0.6327193975448608,1668,1700,0.4005791246891022,0,0.006397746503353119,0.003951056394726038,21.69144630432129,0.006774160545319319,0.33879607915878296,0.011384952813386917,0.3337312340736389,18.92145347595215,0.012819016352295876,0.38051730394363403
13063,195,1,1733,-1,1,23.92961311340332,0.2608405351638794,22.32665252685547,0.23070798814296722,23.788833618164062,0.3310241401195526,0.6969521641731262,1733,1765,0.44700485467910767,0,0.004046119749546051,0.004179428331553936,23.951683044433594,0.004025610629469156,0.3081485629081726,0.005852410104125738,0.23060165345668793,21.975175857543945,0.006345740519464016,0.2769829034805298
13118,195,1,1788,-1,0,23.88362693786621,0.30736804008483887,22.301681518554688,0.20910687744617462,24.58804702758789,0.3105865716934204,0.6732643842697144,1788,1820,0.4023912847042084,0,0.004089191555976868,0.0034769263584166765,23.78472137451172,0.0041833859868347645,0.363273561000824,0.005886157508939505,0.18891996145248413,22.03331184387207,0.006261362228542566,0.21877306699752808
13126,195,1,1796,-1,0,24.610355377197266,0.2798899710178375,23.10342788696289,0.21856270730495453,25.446653366088867,0.2745147943496704,0.7961782217025757,1796,1828,0.3907845616340637,0,0.0034591106232255697,0.0028532163705676794,24.494874954223633,0.0035523250699043274,0.33908534049987793,0.004893924109637737,0.15802735090255737,22.768842697143555,0.00528586283326149,0.18802161514759064
13332,195,1,2034,-1,2,24.545059204101562,0.28670534491539,23.596467971801758,0.22768846154212952,25.671646118164062,0.2828633487224579,0.8049415349960327,2034,2066,0.39432743191719055,0,0.0035115114878863096,0.002709165448322892,24.395015716552734,0.0036349499132484198,0.3405906558036804,0.0043687098659574986,0.15581199526786804,23.242416381835938,0.004739782307296991,0.18309064209461212
13359,195,1,2093,-1,0,23.62181854248047,0.3144913911819458,22.24199676513672,0.257802277803421,23.787145614624023,0.3349093794822693,0.7697672843933105,2093,2125,0.4554176926612854,0,0.004343282897025347,0.004181052558124065,23.596935272216797,0.004368241410702467,0.3735092282295227,0.0059676095843315125,0.2448115348815918,21.913578033447266,0.006436388473957777,0.29303503036499023
13486,195,1,2252,-1,3,24.82379150390625,0.30293548107147217,24.363576889038086,0.226667121052742,23.3040771484375,0.27682819962501526,0.818800687789917,2252,2284,0.40279194712638855,0,0.0032932197209447622,0.004672965034842491,25.1131534576416,0.0030809512827545404,0.3597390055656433,0.0036613596603274345,0.2853196859359741,24.04342269897461,0.00394146703183651,0.33949801325798035
13590,195,1,2356,-1,3,23.8363037109375,0.31850355863571167,21.352336883544922,0.26151224970817566,24.790590286254883,0.34171056747436523,0.765303373336792,2356,2388,0.3835269510746002,0,0.00413399375975132,0.0033184930216521025,23.706459045410156,0.004259455483406782,0.3758256733417511,0.007324306759983301,0.3249708116054535,20.89647674560547,0.008134903386235237,0.3811818063259125
13654,195,1,2452,-1,2,22.95890998840332,0.4666326642036438,21.617759704589844,0.2296638786792755,22.224590301513672,0.3341074585914612,0.6873952746391296,2452,2484,0.42029231786727905,0,0.005059517454355955,0.0059915753081440926,23.083772659301758,0.004916123580187559,0.5488265752792358,0.006890075281262398,0.37132689356803894,21.21074676513672,0.0075670271180570126,0.4384070336818695
13758,195,1,2588,-1,2,23.61260986328125,0.22756552696228027,22.598228454589844,0.22021356225013733,23.87628173828125,0.31125178933143616,0.7075093984603882,2588,2620,0.469047486782074,0,0.004352502524852753,0.004096112214028835,23.573427200317383,0.004391947761178017,0.25492575764656067,0.005497651640325785,0.15256133675575256,22.2659854888916,0.0059347376227378845,0.16783499717712402
13874,195,1,2736,-1,0,23.372392654418945,0.24749726057052612,21.924760818481445,0.2715887725353241,22.484432220458984,0.35865116119384766,0.7572504878044128,2736,2768,0.4307979345321655,0,0.004600031301379204,0.005643611308187246,23.52667808532715,0.0044394806027412415,0.2872970402240753,0.0064198351465165615,0.19860516488552094,21.548797607421875,0.007000358309596777,0.23064212501049042
14095,195,1,2957,-1,1,20.804203033447266,0.3252534568309784,18.918067932128906,0.275809109210968,22.86241340637207,0.3254392147064209,0.8474980592727661,2957,2989,0.43044379353523254,0,0.008309592492878437,0.005173195153474808,20.559066772460938,0.008792114444077015,0.3814026415348053,0.0128290094435215,0.18147608637809753,18.38785743713379,0.014494869858026505,0.21232229471206665
14120,195,1,3014,-1,0,23.615293502807617,0.27359479665756226,22.046091079711914,0.22145023941993713,23.409557342529297,0.34166163206100464,0.6481565833091736,3014,3046,0.46566447615623474,0,0.0043498151935637,0.004560834262520075,23.647825241088867,0.004317350685596466,0.3141157031059265,0.006242965813726187,0.19267702102661133,21.648727416992188,0.0068411254324018955,0.2186184525489807
14170,195,1,3064,-1,2,25.27944564819336,0.40068191289901733,24.868986129760742,0.28002819418907166,23.20784568786621,0.36372992396354675,0.7698794603347778,3064,3096,0.4126151502132416,0,0.00296520977281034,0.004777661990374327,25.708341598510742,0.0026863710954785347,0.46966761350631714,0.00325912912376225,0.29142457246780396,24.736631393432617,0.003359980648383498,0.3492937386035919
14274,195,1,3168,-1,2,23.34145736694336,0.3136323094367981,22.131973266601562,0.2656576335430145,22.7076416015625,0.33153751492500305,0.8012897968292236,3168,3200,0.40976482629776,0,0.004632914438843727,0.005360879004001617,23.44773292541504,0.004520920105278492,0.36358869075775146,0.0061207241378724575,0.29882100224494934,21.752588272094727,0.00667945621535182,0.34564271569252014
14654,195,1,3612,-1,1,24.236404418945312,0.36261409521102905,25.001008987426758,0.2682805359363556,23.365175247192383,0.3418879210948944,0.7847031950950623,3612,3644,0.4010589122772217,0,0.0037701576948165894,0.004607683047652245,24.387428283691406,0.0036413073539733887,0.4308549165725708,0.003161544445902109,0.2767169177532196,24.813966751098633,0.0033006793819367886,0.3263466954231262
14673,195,1,3631,-1,0,24.04207420349121,0.3569953739643097,23.84250831604004,0.25120148062705994,23.191543579101562,0.2927952706813812,0.8579424023628235,3631,3663,0.39669907093048096,0,0.00394268985837698,0.004795632790774107,24.189075469970703,0.003811467671766877,0.4182020127773285,0.004128089174628258,0.292535662651062,23.450525283813477,0.004518014844506979,0.34756556153297424
14722,195,1,3680,-1,1,23.51259994506836,0.3082347810268402,20.810747146606445,0.2384875863790512,23.278579711914062,0.3631809651851654,0.6566632390022278,3680,3712,0.389983206987381,0,0.004453897476196289,0.004700480494648218,23.549747467041016,0.004415961913764477,0.3515867590904236,0.008297082036733627,0.24262180924415588,20.388038635253906,0.009145264513790607,0.2732751965522766
14920,195,1,3910,-1,2,25.8494930267334,0.3298797607421875,24.911901473999023,0.2046172171831131,22.487323760986328,0.31804224848747253,0.6433649063110352,3910,3942,0.40172621607780457,0,0.0026004635728895664,0.005639852024614811,26.71036720275879,0.002132865134626627,0.39178335666656494,0.0032270809169858694,0.2768215537071228,24.72259521484375,0.0033708580303937197,0.32808470726013184
14939,195,1,3929,-1,1,23.324251174926758,0.30306950211524963,22.195547103881836,0.253814160823822,23.929344177246094,0.24946486949920654,1.0174344778060913,3929,3961,0.3971185088157654,0,0.004651304800063372,0.00404637074097991,23.23821258544922,0.004744371864944696,0.342758446931839,0.006031778175383806,0.20034731924533844,21.835418701171875,0.00655327457934618,0.21960467100143433
15157,195,1,4179,-1,3,24.242923736572266,0.2831146717071533,23.523681640625,0.22678354382514954,23.493289947509766,0.3063979744911194,0.7401600480079651,4179,4211,0.3902910351753235,0,0.003764503635466099,0.004473743494600058,24.37066650390625,0.0036553896497935057,0.3342048227787018,0.004442546050995588,0.17526184022426605,23.22174072265625,0.004762400407344103,0.20580869913101196
15310,195,1,4364,-1,3,23.82684898376465,0.30263930559158325,22.42886734008789,0.24804304540157318,22.7573184967041,0.28386908769607544,0.8737937808036804,4364,4396,0.42468762397766113,0,0.004143001977354288,0.005299907177686691,24.01755142211914,0.003965016454458237,0.3528488874435425,0.005716279149055481,0.19803282618522644,22.1219539642334,0.006134860683232546,0.2310035526752472
15324,195,1,4378,-1,1,17.538101196289062,0.40157201886177063,17.11850929260254,0.34642431139945984,22.870786666870117,0.38919001817703247,0.8901161551475525,4378,4410,0.4097219407558441,0,0.017627472057938576,0.005163230001926422,17.089632034301758,0.019545050337910652,0.4595835208892822,0.019415520131587982,0.32164016366004944,16.616260528564453,0.021795865148305893,0.36582767963409424
15560,208,1,218,-1,2,22.306499481201172,0.2455098032951355,22.105424880981445,0.16910810768604279,26.57818603515625,0.18999357521533966,0.890072762966156,218,250,0.3689616322517395,0,0.005879631265997887,0.00219877902418375,21.907155990600586,0.006445915903896093,0.2912186086177826,0.006158254574984312,0.1125597208738327,21.552724838256836,0.006994033697992563,0.1332959681749344
15680,208,1,370,-1,1,22.270648956298828,0.3844965398311615,21.04347038269043,0.2905397117137909,24.14645004272461,0.35947513580322266,0.8082331418991089,370,402,0.4456920921802521,0,0.005928368773311377,0.00384906237013638,22.042407989501953,0.006248261779546738,0.45670339465141296,0.007864171639084816,0.24903351068496704,20.518856048583984,0.008873897604644299,0.29413068294525146
15774,208,1,496,-1,2,22.89385223388672,0.3498271107673645,21.86642837524414,0.2900105118751526,23.15413475036621,0.38658618927001953,0.7501833438873291,496,528,0.41223910450935364,0,0.0051358784548938274,0.004837119020521641,22.85515785217285,0.005181842017918825,0.40202707052230835,0.006506644655019045,0.24335402250289917,21.481609344482422,0.007109500467777252,0.2803451120853424
15988,208,1,774,-1,1,22.423398971557617,0.42073604464530945,22.074527740478516,0.2827003598213196,23.860504150390625,0.42310190200805664,0.6681613922119141,774,806,0.4359148442745209,0,0.005723479203879833,0.004111018497496843,22.2391300201416,0.005971550475805998,0.48641878366470337,0.006202223245054483,0.3424997329711914,21.692577362060547,0.006772398017346859,0.3975786864757538
16180,208,1,998,-1,0,23.852848052978516,0.34097030758857727,23.46440887451172,0.25686976313591003,23.7742919921875,0.32143959403038025,0.7991229891777039,998,1030,0.43751639127731323,0,0.004118272103369236,0.004193442407995462,23.865062713623047,0.004106707405298948,0.39831700921058655,0.004503592383116484,0.30127397179603577,23.28299331665039,0.004695703741163015,0.3598087728023529
16226,208,1,1044,-1,2,24.267597198486328,0.32000601291656494,23.926372528076172,0.2218790501356125,25.23357391357422,0.31520402431488037,0.7039220333099365,1044,1076,0.4072365164756775,0,0.0037431775126606226,0.0029966961592435837,24.136354446411133,0.00385802099481225,0.37905460596084595,0.004049141425639391,0.24212631583213806,23.486356735229492,0.004480892792344093,0.28663989901542664
16303,208,1,1153,-1,1,24.939382553100586,0.36191526055336,25.302202224731445,0.2582980692386627,22.35232162475586,0.34888598322868347,0.7403509616851807,1153,1185,0.414995402097702,0,0.0032067252323031425,0.00581792276352644,25.520668029785156,0.0028050027322024107,0.43790990114212036,0.0029497130308300257,0.27672243118286133,25.32635498046875,0.002933353651314974,0.33275455236434937
16523,208,1,1405,-1,2,22.727054595947266,0.28200051188468933,20.837879180908203,0.25958487391471863,24.182767868041992,0.4120943248271942,0.6299161314964294,1405,1437,0.4758874177932739,0,0.005336967296898365,0.0038170097395777702,22.540817260742188,0.005570807494223118,0.3227437436580658,0.008245406672358513,0.28672921657562256,20.40907859802246,0.009101065807044506,0.32236039638519287
16688,208,1,1570,-1,3,26.082685470581055,0.29355257749557495,23.848779678344727,0.29850468039512634,23.576433181762695,0.36459067463874817,0.8187392354011536,1570,1602,0.4006418287754059,0,0.00246451492421329,0.004388909786939621,26.638498306274414,0.0021684542298316956,0.34578847885131836,0.004122135695070028,0.21978448331356049,23.718379974365234,0.004247778095304966,0.2614796757698059
16702,208,1,1584,-1,1,24.359203338623047,0.29108133912086487,24.21197509765625,0.24738383293151855,25.141326904296875,0.30220940709114075,0.818584144115448,1584,1616,0.4098079204559326,0,0.0036650493275374174,0.0030610281974077225,24.250459671020508,0.0037579757627099752,0.3526875674724579,0.003791427705436945,0.2278614342212677,23.98110580444336,0.003998430445790291,0.2746174931526184
16736,208,1,1618,-1,3,24.519763946533203,0.30905845761299133,23.796619415283203,0.25032782554626465,24.51392936706543,0.30817705392837524,0.8122857213020325,1618,1650,0.4048607647418976,0,0.003532025031745434,0.0035367715172469616,24.520660400390625,0.003531295107677579,0.3720765709877014,0.0041719404980540276,0.2386343628168106,23.426189422607422,0.004543401766568422,0.2878429889678955
16813,208,1,1695,-1,0,23.371604919433594,0.2871076464653015,21.964508056640625,0.25359952449798584,24.603469848632812,0.3518475592136383,0.7207653522491455,1695,1727,0.4122631251811981,0,0.004600864835083485,0.0034646012354642153,23.209651947021484,0.004775674548000097,0.34062284231185913,0.006361351348459721,0.28710415959358215,21.554672241210938,0.006990894675254822,0.3407701849937439
16834,208,1,1716,-1,1,22.921188354492188,0.2791929244995117,22.035810470581055,0.2739931643009186,23.40674591064453,0.3548854887485504,0.772060751914978,1716,1748,0.42558085918426514,0,0.005103655159473419,0.004563787952065468,22.851078033447266,0.005186711438000202,0.32787853479385376,0.006257763132452965,0.27623116970062256,21.579219818115234,0.00695149227976799,0.3274763822555542
16882,208,1,1764,-1,1,23.49481964111328,0.3248920440673828,21.32962417602539,0.25090667605400085,24.385238647460938,0.3099973201751709,0.8093833923339844,1764,1796,0.41696470975875854,0,0.004472167696803808,0.0036431446205824614,23.372695922851562,0.0045997099950909615,0.3749591112136841,0.00736270984634757,0.3173307776451111,20.86162757873535,0.008200441487133503,0.362832635641098
16918,208,1,1800,-1,1,22.129863739013672,0.37954476475715637,20.726810455322266,0.3190366327762604,23.529197692871094,0.3434583246707916,0.9288947582244873,1800,1832,0.4064388573169708,0,0.006123694591224194,0.004436906427145004,21.949615478515625,0.0063832001760602,0.4383683204650879,0.008459005504846573,0.32321035861968994,20.245044708251953,0.009451390244066715,0.3683585822582245
17310,208,1,2320,-1,2,23.837039947509766,0.3863954246044159,23.62226104736328,0.31199881434440613,22.62164306640625,0.4204352796077728,0.7420852184295654,2320,2352,0.46331697702407837,0,0.004133290611207485,0.0054680886678397655,24.05835723876953,0.003927937243133783,0.4487568140029907,0.004342841915786266,0.27603787183761597,23.296916961669922,0.004680674988776445,0.3228500783443451
17331,208,1,2341,-1,3,24.56879425048828,0.3074225187301636,22.34796142578125,0.22823141515254974,22.662139892578125,0.3991487920284271,0.5717953443527222,2341,2373,0.45471012592315674,0,0.003492374438792467,0.00541734229773283,24.953628540039062,0.0031962255015969276,0.3545069992542267,0.005823769140988588,0.3001234531402588,22.002090454101562,0.00630653603002429,0.34538549184799194
17372,208,1,2382,-1,0,24.039508819580078,0.32359805703163147,22.001243591308594,0.25211092829704285,23.140399932861328,0.3816746771335602,0.6605387926101685,2382,2414,0.46217891573905945,0,0.003945020493119955,0.004852439276874065,24.19597816467285,0.0038054180331528187,0.370642751455307,0.006307769101113081,0.28589415550231934,21.5831356048584,0.006945228669792414,0.3294374346733093
17621,208,1,2695,-1,0,21.615222930908203,0.3954920768737793,20.183412551879883,0.35473498702049255,21.664688110351562,0.42589759826660156,0.8329114317893982,2695,2727,0.4617649018764496,0,0.006894101854413748,0.006816025823354721,21.607664108276367,0.006906113587319851,0.44490325450897217,0.009586472995579243,0.33883848786354065,19.763357162475586,0.010560006834566593,0.3938591480255127
17679,208,1,2753,-1,2,23.997238159179688,0.31776970624923706,24.009321212768555,0.25892528891563416,22.374584197998047,0.3152620494365692,0.8213018178939819,2753,2785,0.41037240624427795,0,0.003983606118708849,0.00578817306086421,24.310970306396484,0.0037059809546917677,0.37158718705177307,0.003972536418586969,0.3002156615257263,23.643321990966797,0.0043218317441642284,0.35208308696746826
17711,208,1,2785,-1,2,25.326025009155273,0.24824857711791992,23.728303909301758,0.2589816749095917,23.490468978881836,0.3531486988067627,0.7333502173423767,2785,2817,0.4058421850204468,0,0.0029335767030715942,0.004476649686694145,25.6925106048584,0.002696180948987603,0.28909942507743835,0.00423808628693223,0.18317215144634247,23.489498138427734,0.004477649927139282,0.21766653656959534
17912,208,1,3018,-1,2,23.31697654724121,0.35419225692749023,21.14983367919922,0.27309760451316833,23.280941009521484,0.39696869254112244,0.6879575252532959,3018,3050,0.45805615186691284,0,0.004659103229641914,0.004697925876826048,23.322547912597656,0.004653130657970905,0.40795180201530457,0.007673912215977907,0.32136350870132446,20.791749954223633,0.008333452977240086,0.3738868832588196
18114,208,1,3220,-1,0,24.820621490478516,0.2529779374599457,23.81606674194336,0.222275972366333,24.143144607543945,0.27146968245506287,0.8187874555587769,3220,3252,0.3474399149417877,0,0.0032956262584775686,0.003851992776617408,24.934906005859375,0.003210031194612384,0.30083438754081726,0.004153301008045673,0.15499743819236755,23.43242645263672,0.004536882042884827,0.17859719693660736
18148,208,1,3254,-1,2,24.211181640625,0.24352829158306122,22.688106536865234,0.24029015004634857,23.5219669342041,0.3455471694469452,0.6953902840614319,3254,3286,0.41525042057037354,0,0.0037921182811260223,0.004444301128387451,24.327640533447266,0.0036917824763804674,0.27689170837402344,0.005385045427829027,0.2519319951534271,22.285320281982422,0.005908371414989233,0.29213154315948486
18264,208,1,3402,-1,0,23.08838653564453,0.30009135603904724,20.944814682006836,0.2519439160823822,23.100263595581055,0.40076762437820435,0.628653347492218,3402,3434,0.4516264796257019,0,0.004910905845463276,0.004897491540759802,23.086559295654297,0.004912969656288624,0.3404007852077484,0.008044859394431114,0.2724848687648773,20.58007049560547,0.008749695494771004,0.3025840222835541
18271,208,1,3409,-1,3,23.305801391601562,0.3478962779045105,22.35308074951172,0.2898676097393036,23.04875373840332,0.4014883041381836,0.7219827175140381,3409,3441,0.42510759830474854,0,0.004671107511967421,0.004955924116075039,23.34673309326172,0.004627289716154337,0.4034898281097412,0.0058169057592749596,0.32928869128227234,22.021453857421875,0.00627848319709301,0.3827814757823944
18604,208,1,3774,-1,3,22.889461517333984,0.3123973608016968,19.253957748413086,0.2798593044281006,23.45233726501465,0.3931923508644104,0.7117618322372437,3774,3806,0.42725273966789246,0,0.005141076166182756,0.004516130778938532,22.808990478515625,0.005237221717834473,0.3592209815979004,0.01187419705092907,0.31352367997169495,18.752355575561523,0.01332798320800066,0.3645375669002533
18645,208,1,3815,-1,0,25.36151885986328,0.3249140679836273,24.507781982421875,0.2498527616262436,23.04631996154785,0.33946073055267334,0.7360284924507141,3815,3847,0.42491650581359863,0,0.0029096996877342463,0.0049587031826376915,25.85951805114746,0.002594468416646123,0.3749602735042572,0.003541780635714531,0.2520708739757538,24.21817970275879,0.0037860136944800615,0.29802682995796204
18657,208,1,3827,-1,0,23.585920333862305,0.3032083809375763,22.8239803314209,0.26399001479148865,23.90639305114746,0.31625089049339294,0.8347486853599548,3827,3859,0.41395893692970276,0,0.004379334393888712,0.00406781118363142,23.53864860534668,0.004427261184900999,0.352914959192276,0.005219177808612585,0.27091798186302185,22.47696304321289,0.005653321743011475,0.3189285397529602
18722,208,1,3892,-1,1,24.55742073059082,0.29617705941200256,22.78699493408203,0.27824410796165466,22.40240478515625,0.3960927724838257,0.7024720907211304,3892,3924,0.39588460326194763,0,0.003501529572531581,0.005751215387135744,25.009422302246094,0.00315542402677238,0.3502269685268402,0.005263815633952618,0.24294738471508026,22.51268768310547,0.005607008934020996,0.28398939967155457
18723,208,1,3893,-1,2,24.607242584228516,0.3232630491256714,24.21737289428711,0.2714715003967285,22.993377685546875,0.3873971998691559,0.7007575035095215,3893,3925,0.3969091475009918,0,0.0034615914337337017,0.005019519943743944,24.918865203857422,0.003221910446882248,0.3841928243637085,0.0037867166101932526,0.2349746972322464,23.998003005981445,0.003982903435826302,0.2758806347846985
19132,208,1,4366,-1,0,22.648733139038086,0.38392871618270874,21.631298065185547,0.29031357169151306,22.52336883544922,0.4146469235420227,0.7001464366912842,4366,4398,0.455593466758728,0,0.005434087477624416,0.005593234673142433,22.668346405029297,0.005409603472799063,0.4473772943019867,0.006868632044643164,0.2893966734409332,21.221302032470703,0.00754866236820817,0.3371051251888275
19289,286,1,10,-1,2,22.48141860961914,0.3989146053791046,24.35366439819336,0.27181193232536316,22.3514404296875,0.3311125338077545,0.8209049701690674,10,42,0.39635396003723145,0,0.0056475261226296425,0.00581910228356719,22.50176429748535,0.005621129646897316,0.46972692012786865,0.003669725265353918,0.3063361346721649,24.234283447265625,0.003772000316530466,0.3661264181137085
19295,286,1,16,-1,0,23.463333129882812,0.30366334319114685,22.032119750976562,0.2524219751358032,23.520259857177734,0.3162790834903717,0.7980988621711731,16,48,0.39851999282836914,0,0.004504709504544735,0.004446045961230993,23.454639434814453,0.004513734485954046,0.3670229911804199,0.006263080518692732,0.2943287789821625,21.638748168945312,0.006856858730316162,0.35001009702682495
19509,286,1,262,-1,1,24.833457946777344,0.28661051392555237,24.07769775390625,0.2575238347053528,25.006092071533203,0.30058541893959045,0.8567409515380859,262,294,0.35061827301979065,0,0.0032858988270163536,0.003157844766974449,24.807498931884766,0.003305599093437195,0.3441796898841858,0.00391048239544034,0.20472635328769684,23.684478759765625,0.004281069617718458,0.24512919783592224
19554,286,1,307,-1,2,23.24822235107422,0.3526958227157593,20.57232666015625,0.21859101951122284,24.95009422302246,0.341482013463974,0.6401245594024658,307,339,0.38996750116348267,0,0.004733450245112181,0.0031988262198865414,23.036832809448242,0.0049695465713739395,0.42022034525871277,0.008765310049057007,0.32171449065208435,20.06170082092285,0.009858934208750725,0.384707510471344
19607,286,1,392,-1,1,23.955106735229492,0.4237414300441742,25.215559005737305,0.230524942278862,21.70101547241211,0.28427940607070923,0.8109097480773926,392,424,0.43899017572402954,0,0.004022437147796154,0.006759245879948139,24.435298919677734,0.003601389704272151,0.5010976195335388,0.0030091519001871347,0.23735961318016052,24.968774795532227,0.003185097360983491,0.2827734351158142
19622,286,1,407,-1,0,20.38751983642578,0.3162759244441986,17.92844009399414,0.25801488757133484,24.217044830322266,0.3760283589363098,0.6861580610275269,407,439,0.436267226934433,0,0.009146356023848057,0.0037870032247155905,20.01266860961914,0.009970871731638908,0.36316782236099243,0.016112247481942177,0.31237292289733887,17.383596420288086,0.018265876919031143,0.36337441205978394
19677,286,1,462,-1,3,24.50527572631836,0.3898789882659912,23.7075252532959,0.2367686778306961,23.77139663696289,0.31007319688796997,0.76358962059021,462,494,0.4223913252353668,0,0.00354382605291903,0.004196241032332182,24.630054473876953,0.0034434546250849962,0.46677881479263306,0.004258410073816776,0.22697460651397705,23.254911422729492,0.0047261654399335384,0.2714351713657379
19854,286,1,671,-1,1,21.606491088867188,0.32529470324516296,21.073942184448242,0.2611227035522461,23.979093551635742,0.3755349814891815,0.6953352093696594,671,703,0.3939712941646576,0,0.006907978095114231,0.004000282380729914,21.333988189697266,0.0073553165420889854,0.38485005497932434,0.00780918775126338,0.21873006224632263,20.55990219116211,0.008790425956249237,0.2595800459384918
19968,286,1,817,-1,2,23.581974029541016,0.2916077971458435,23.175785064697266,0.2633991241455078,23.810020446777344,0.30064645409584045,0.8761091828346252,817,849,0.428915798664093,0,0.004383313003927469,0.004159088246524334,23.547931671142578,0.004417809192091227,0.3332303762435913,0.004813062027096748,0.1647648960351944,22.97677993774414,0.005038741044700146,0.18269358575344086
19994,286,1,843,-1,0,22.73470115661621,0.3827175498008728,21.878177642822266,0.28638699650764465,24.34756088256836,0.3453330993652344,0.8293065428733826,843,875,0.42942050099372864,0,0.005327577702701092,0.0036748878192156553,22.532230377197266,0.005581837613135576,0.453810453414917,0.006489065010100603,0.31793665885925293,21.431589126586914,0.007191855926066637,0.37366801500320435
20000,286,1,849,-1,2,24.752437591552734,0.29754891991615295,24.31488037109375,0.25469112396240234,25.2114200592041,0.3432520031929016,0.7419945597648621,849,881,0.43713057041168213,0,0.0033477742690593004,0.003012022003531456,24.68593978881836,0.0033994284458458424,0.3553682267665863,0.003702643560245633,0.17579644918441772,23.883684158325195,0.004089138470590115,0.21007369458675385
20065,286,1,914,-1,3,22.958118438720703,0.25250789523124695,23.73950958251953,0.2459813356399536,25.52284049987793,0.3018985986709595,0.8147813081741333,914,946,0.4252088963985443,0,0.0050604394637048244,0.002803599927574396,22.669918060302734,0.005407645367085934,0.2918247878551483,0.004227164667099714,0.12704262137413025,23.319602966308594,0.0046562873758375645,0.14975792169570923
20083,286,1,932,-1,1,25.11162757873535,0.31239837408065796,24.011640548706055,0.28803157806396484,24.40423011779785,0.3486681878566742,0.8260908126831055,932,964,0.40189385414123535,0,0.003082033945247531,0.003627245081588626,25.23145866394043,0.0029981553088873625,0.3807496428489685,0.003970415331423283,0.2881532311439514,23.680065155029297,0.004285421688109636,0.34707310795783997
20252,286,1,1165,-1,3,24.59811782836914,0.3415414094924927,24.241037368774414,0.25539132952690125,24.794021606445312,0.3414178490638733,0.7480315566062927,1165,1197,0.39714178442955017,0,0.003468872047960758,0.0033158750738948584,24.568748474121094,0.0034924105275422335,0.4102696180343628,0.0037661383394151926,0.2153291404247284,24.012584686279297,0.003969552926719189,0.25730231404304504
20332,286,1,1245,-1,3,22.070825576782227,0.3642083406448364,18.310791015625,0.24451212584972382,24.805822372436523,0.36353135108947754,0.6726025938987732,1245,1277,0.39452964067459106,0,0.00620751129463315,0.003306875703856349,21.769329071044922,0.0066537633538246155,0.43589603900909424,0.014754385687410831,0.26469531655311584,17.771556854248047,0.016704922541975975,0.3152506351470947
21043,286,1,2052,-1,3,24.420639038085938,0.3145035207271576,23.420772552490234,0.21217632293701172,22.927867889404297,0.3056388795375824,0.6942059397697449,2052,2084,0.4078701436519623,0,0.0036135674454271793,0.005095810163766146,24.703733444213867,0.0033855305518954992,0.3676963150501251,0.004549072124063969,0.29833924770355225,23.059770584106445,0.004943367093801498,0.35194897651672363
21111,286,1,2152,-1,1,22.924861907958984,0.3056955337524414,20.36776351928711,0.26963597536087036,23.981754302978516,0.4161701798439026,0.6478983759880066,2152,2184,0.4409560561180115,0,0.0050993370823562145,0.0039978306740522385,22.782882690429688,0.00526880007237196,0.3571091294288635,0.00918805506080389,0.3474186062812805,19.935644149780273,0.01014928799122572,0.4064370393753052
21348,286,1,2453,-1,3,24.493244171142578,0.28689005970954895,23.295364379882812,0.23423157632350922,24.313861846923828,0.34631839394569397,0.6763474941253662,2453,2485,0.3991768956184387,0,0.0035536582581698895,0.0037035124842077494,24.52151107788086,0.003530603600665927,0.3445018231868744,0.004682349041104317,0.24893207848072052,22.99893569946289,0.005013102199882269,0.29863178730010986
21390,286,1,2495,-1,1,24.378379821777344,0.2812116742134094,24.132442474365234,0.22179821133613586,24.802515029907227,0.2659115791320801,0.8341051340103149,2495,2527,0.3864544928073883,0,0.0036488997284322977,0.003309395629912615,24.3166561126709,0.0037011313252151012,0.33536988496780396,0.003861497389152646,0.14340746402740479,23.787147521972656,0.004181050695478916,0.1743738204240799
21401,286,1,2506,-1,0,24.61775016784668,0.287733793258667,23.625221252441406,0.2217486947774887,24.75701904296875,0.2767190933227539,0.8013494610786438,2506,2538,0.38185498118400574,0,0.003453225130215287,0.0033442473504692316,24.596717834472656,0.0034699912648648024,0.3462504744529724,0.004339882172644138,0.15675586462020874,23.33713722229004,0.00463752681389451,0.18562820553779602
21434,286,1,2539,-1,1,24.138065338134766,0.25531452894210815,22.808921813964844,0.2151251584291458,25.210607528686523,0.31522849202156067,0.6824420094490051,2539,2571,0.3890432119369507,0,0.0038565006107091904,0.00301258428953588,23.994264602661133,0.003986334428191185,0.308440238237381,0.005237307865172625,0.1566651463508606,22.415237426757812,0.0057342443615198135,0.1924697905778885
21492,286,1,2597,-1,3,25.40083885192871,0.31267404556274414,25.112770080566406,0.2902061939239502,23.34174346923828,0.34949401021003723,0.830361008644104,2597,2629,0.4187013506889343,0,0.0028834741096943617,0.004632608965039253,25.826318740844727,0.002614376600831747,0.3744291365146637,0.003081222763285041,0.23104771971702576,25.205097198486328,0.003016409697011113,0.2741010785102844
21557,286,1,2662,-1,0,24.111766815185547,0.4001365005970001,24.416301727294922,0.2598733603954315,22.71848487854004,0.33739256858825684,0.770240306854248,2662,2694,0.4094350337982178,0,0.0038799247704446316,0.0053475103341042995,24.372146606445312,0.0036541426088660955,0.46088558435440063,0.0036171770188957453,0.2611038088798523,24.15312957763672,0.0038431480061262846,0.3101215958595276
21751,286,1,2920,-1,1,23.005691528320312,0.31728440523147583,21.949785232543945,0.27481138706207275,23.291093826293945,0.38979050517082214,0.7050232887268066,2920,2952,0.45692089200019836,0,0.0050053102895617485,0.0046869548968970776,22.963401794433594,0.005054288078099489,0.36488044261932373,0.006382952444255352,0.283147931098938,21.61909294128418,0.0068879625760018826,0.3174649775028229
21937,286,1,3106,-1,3,24.079587936401367,0.307284951210022,24.47046661376953,0.24872998893260956,23.39816665649414,0.24441710114479065,1.0176455974578857,3106,3138,0.40665191411972046,0,0.003908779937773943,0.004572812933474779,24.194604873657227,0.0038066208362579346,0.36355817317962646,0.003572343848645687,0.18427634239196777,24.349098205566406,0.0036735860630869865,0.20986752212047577
22136,286,1,3337,-1,3,22.202350616455078,0.33366119861602783,20.657611846923828,0.29740282893180847,23.895418167114258,0.35473600029945374,0.8383778929710388,3337,3369,0.39936164021492004,0,0.006022333633154631,0.004078102298080921,21.99183464050293,0.006321446504443884,0.3824266493320465,0.008594865910708904,0.32557329535484314,20.229835510253906,0.009484544396400452,0.3773438334465027
22208,286,1,3441,-1,0,23.620100021362305,0.2666912078857422,22.38104248046875,0.23009012639522552,23.807430267333984,0.33223649859428406,0.6925492286682129,3441,3473,0.43355199694633484,0,0.004345003515481949,0.00416156928986311,23.591983795166016,0.004373224452137947,0.31121066212654114,0.005779571831226349,0.21353691816329956,21.95061492919922,0.006381733808666468,0.25229403376579285
22394,286,1,3691,-1,2,22.88913917541504,0.2635064423084259,22.134735107421875,0.276649534702301,23.580934524536133,0.35062938928604126,0.789008378982544,3691,3723,0.4902626574039459,0,0.00514145428314805,0.004384364001452923,22.791852951049805,0.005257929675281048,0.30171823501586914,0.006116831675171852,0.18793201446533203,21.769678115844727,0.006653222721070051,0.21812377870082855
22410,286,1,3707,-1,2,13.266668319702148,0.5760411024093628,12.439958572387695,0.40780559182167053,23.18891143798828,0.48622533679008484,0.8387172818183899,3707,3739,0.45528149604797363,0,0.047133881598711014,0.004798539448529482,12.704545021057129,0.053647007793188095,0.6533827781677246,0.057016972452402115,0.5645205974578857,11.852983474731445,0.06526821106672287,0.6427353620529175
22623,286,1,3952,-1,3,25.35128402709961,0.3011995553970337,23.72515869140625,0.2725832462310791,24.01512336730957,0.35743728280067444,0.7626044154167175,3952,3984,0.41609448194503784,0,0.0029165660962462425,0.003967232070863247,25.59890365600586,0.0027549252845346928,0.3508039116859436,0.004241154063493013,0.21675844490528107,23.406494140625,0.004564054775983095,0.25754424929618835
22723,286,1,4052,-1,3,22.42030906677246,0.31385916471481323,20.961353302001953,0.29120275378227234,23.03115463256836,0.34375062584877014,0.8471337556838989,4052,4084,0.3830781579017639,0,0.005727555137127638,0.004976049531251192,22.333515167236328,0.005843171384185553,0.3635663390159607,0.008014283142983913,0.20864133536815643,20.53571891784668,0.008839507587254047,0.24056501686573029
22911,286,1,4304,-1,0,24.156261444091797,0.2974168360233307,23.702848434448242,0.22692230343818665,23.011415481567383,0.26631486415863037,0.8520827293395996,4304,4336,0.39552247524261475,0,0.0038403787184506655,0.0049987174570560455,24.362611770629883,0.003662173170596361,0.3552300035953522,0.004262999631464481,0.21470534801483154,23.385032653808594,0.004586659837514162,0.258157879114151
22968,312,1,36,-1,0,26.93072509765625,0.23080456256866455,25.764305114746094,0.1405123472213745,23.765445709228516,0.27837681770324707,0.5047559142112732,36,68,0.456910103559494,0,0.0020273439586162567,0.004201995674520731,27.7139892578125,0.0016927823890000582,0.274658739566803,0.002651976188644767,0.15154974162578583,25.467803955078125,0.002839355729520321,0.18390147387981415
23246,312,1,346,-1,1,23.18198013305664,0.31935250759124756,21.645410537719727,0.2786587178707123,23.872356414794922,0.4036007821559906,0.690431535243988,346,378,0.42725101113319397,0,0.004806203301995993,0.004099817480891943,23.08487319946289,0.0049148788675665855,0.36867302656173706,0.006846348289400339,0.2352365404367447,21.28354263305664,0.0074412464164197445,0.26895976066589355
23274,312,1,374,-1,1,21.88840103149414,0.4464621841907501,20.696483612060547,0.32841989398002625,22.09811782836914,0.40686407685279846,0.8071980476379395,374,406,0.4586874544620514,0,0.006473810411989689,0.006168626714497805,21.85701560974121,0.006520762573927641,0.517217755317688,0.008518277667462826,0.31379303336143494,20.215341567993164,0.009516251273453236,0.36403125524520874
23300,312,1,400,-1,3,23.409622192382812,0.3235732913017273,20.9504337310791,0.26229071617126465,24.832500457763672,0.36967942118644714,0.7095085382461548,400,432,0.45227813720703125,0,0.004560766275972128,0.0032866238616406918,23.22686195373535,0.004756787791848183,0.3642320930957794,0.008034460246562958,0.317775696516037,20.449310302734375,0.009017146192491055,0.3636118769645691
23465,312,1,629,-1,3,23.459400177001953,0.3450782895088196,22.021438598632812,0.2825023829936981,24.82465934753418,0.3502860367298126,0.8064905405044556,629,661,0.42417335510253906,0,0.004508789163082838,0.0032925631385296583,23.282812118530273,0.004695901181548834,0.4021100401878357,0.006278501357883215,0.2944432199001312,21.612998962402344,0.006897632963955402,0.3455233573913574
23533,312,1,697,-1,3,23.866350173950195,0.3065969944000244,23.89578628540039,0.2795572280883789,23.719139099121094,0.3405962288379669,0.820787787437439,697,729,0.39221295714378357,0,0.004105490166693926,0.004247036762535572,23.889448165893555,0.004083713516592979,0.3728550672531128,0.004077758640050888,0.23022644221782684,23.533117294311523,0.0044329059310257435,0.27662768959999084
23629,312,1,793,-1,3,24.20616912841797,0.29544124007225037,24.291582107543945,0.25721800327301025,25.168588638305664,0.2980140745639801,0.863106906414032,793,825,0.3967340290546417,0,0.003796497592702508,0.003041875082999468,24.075353622436523,0.003912593703716993,0.34908822178840637,0.0037225624546408653,0.1859954446554184,23.87528419494629,0.004097054712474346,0.2194766104221344
23726,312,1,890,-1,0,25.854251861572266,0.26728636026382446,25.281627655029297,0.2449713498353958,25.51801300048828,0.3199104964733124,0.7657496333122253,890,922,0.4139394760131836,0,0.0025976155884563923,0.0028067196253687143,25.90837287902832,0.0025654458440840244,0.31869447231292725,0.0029637215193361044,0.17771022021770477,24.913333892822266,0.0032260180450975895,0.2143944948911667
23979,312,1,1175,-1,0,23.33926010131836,0.3309120535850525,20.890932083129883,0.27921420335769653,23.416414260864258,0.343036025762558,0.8139500617980957,1175,1207,0.40885624289512634,0,0.004635259974747896,0.004553638864308596,23.327510833740234,0.004647816997021437,0.37981459498405457,0.008145295083522797,0.3297106623649597,20.46494483947754,0.008984739892184734,0.3830554187297821
24022,312,1,1218,-1,3,25.186481475830078,0.31177160143852234,24.43792152404785,0.20113609731197357,24.421791076660156,0.2872923016548157,0.700109601020813,1218,1250,0.4178006649017334,0,0.0030293671879917383,0.003612608416005969,25.317062377929688,0.002939637517556548,0.367796391248703,0.003599216230213642,0.27601176500320435,23.96758270263672,0.004010900389403105,0.32908210158348083
24073,312,1,1269,-1,2,21.083782196044922,0.4445754885673523,20.446603775024414,0.34941190481185913,24.26603126525879,0.4126528799533844,0.8467453718185425,1269,1301,0.4118528366088867,0,0.00779151264578104,0.0037445267662405968,20.749910354614258,0.008414126001298428,0.5237157940864563,0.009022763930261135,0.39208102226257324,19.96755599975586,0.010074986144900322,0.4677167534828186
24116,312,1,1312,-1,1,24.712024688720703,0.29599207639694214,23.35696029663086,0.248091459274292,26.206924438476562,0.34334149956703186,0.722579300403595,1312,1344,0.41344597935676575,0,0.00337907369248569,0.0023950112517923117,24.521677017211914,0.0035304680932313204,0.35402384400367737,0.0046164062805473804,0.2840522527694702,23.075756072998047,0.004925205372273922,0.336943656206131
24229,312,1,1425,-1,2,23.22604751586914,0.3124772906303406,21.216388702392578,0.24837546050548553,25.012649536132812,0.3294261395931244,0.7539640069007874,1425,1457,0.40405672788619995,0,0.004757680930197239,0.0031530794221907854,23.00635528564453,0.005004542879760265,0.3662832975387573,0.007557208649814129,0.26636993885040283,20.70174789428711,0.008507958613336086,0.3191976547241211
24265,312,1,1493,-1,1,24.32440185546875,0.3232347071170807,23.195964813232422,0.2383127212524414,24.144367218017578,0.3634946048259735,0.6556155681610107,1493,1525,0.45063140988349915,0,0.0036945343017578125,0.0038509091828018427,24.3527774810791,0.0036704768426716328,0.3765571117401123,0.004790749866515398,0.23966048657894135,22.911235809326172,0.005115361884236336,0.27869629859924316
24335,312,1,1563,-1,3,24.739402770996094,0.2761528491973877,24.51034927368164,0.23595558106899261,25.96826171875,0.2629636824131012,0.8972933888435364,1563,1595,0.35720589756965637,0,0.0033578381408005953,0.002530311234295368,24.577787399291992,0.0034851497039198875,0.33040478825569153,0.0035396888852119446,0.14794421195983887,24.180171966552734,0.003819291014224291,0.17477239668369293
24457,312,1,1685,-1,1,23.120878219604492,0.31248897314071655,22.30951499938965,0.2601516544818878,23.999290466308594,0.27100345492362976,0.9599569439888,1685,1717,0.4058855473995209,0,0.004874300677329302,0.003981723450124264,23.000219345092773,0.005011620465666056,0.36757415533065796,0.005875548347830772,0.16297219693660736,21.908100128173828,0.00644451379776001,0.18699371814727783
24558,312,1,1818,-1,3,23.611690521240234,0.37898877263069153,23.545026779174805,0.332343190908432,23.838804244995117,0.423880010843277,0.7840501666069031,1818,1850,0.4394429922103882,0,0.004353425931185484,0.00413161376491189,23.577777862548828,0.004387550987303257,0.4409554898738861,0.004420764744281769,0.3281269371509552,23.19493293762207,0.0047918870113790035,0.3831197917461395
24722,312,1,2014,-1,1,23.0189208984375,0.3578111529350281,21.11663055419922,0.29501327872276306,23.75227165222168,0.3720845878124237,0.7928661704063416,2014,2046,0.4403904378414154,0,0.004990087356418371,0.004214760847389698,22.91632843017578,0.0051093678921461105,0.4052388668060303,0.007732802536338568,0.3093455135822296,20.725902557373047,0.00846076849848032,0.34994372725486755
24883,312,1,2175,-1,2,25.630674362182617,0.2602786421775818,25.284879684448242,0.22351722419261932,25.13223648071289,0.278068482875824,0.803820788860321,2175,2207,0.39596760272979736,0,0.0027348455041646957,0.0030674429144710302,25.712697982788086,0.002683676313608885,0.31476664543151855,0.0029615017119795084,0.14935916662216187,25.104442596435547,0.0030871375929564238,0.18142789602279663
25022,312,1,2346,-1,0,24.78738021850586,0.30959033966064453,24.69296646118164,0.2473153918981552,25.640193939208984,0.300407350063324,0.8232668042182922,2346,2378,0.41611769795417786,0,0.0033209477551281452,0.0027288559358567,24.669858932495117,0.0034120390191674232,0.3729265332221985,0.003393933642655611,0.18166157603263855,24.403453826904297,0.003627894911915064,0.21889705955982208
25363,312,1,2719,-1,0,24.824039459228516,0.2777402400970459,24.77817153930664,0.2426312267780304,25.897438049316406,0.2380482703447342,1.0192521810531616,2719,2751,0.39931848645210266,0,0.003293032757937908,0.0025719129480421543,24.680137634277344,0.003403973998501897,0.3342043161392212,0.003327998099848628,0.15934862196445465,24.513851165771484,0.0035368360113352537,0.1905856728553772
25818,312,1,3270,-1,1,24.49418067932129,0.31884148716926575,23.99300765991211,0.25127342343330383,24.31572914123535,0.32255080342292786,0.7790196537971497,3270,3302,0.40988674759864807,0,0.0035528906155377626,0.0037019215524196625,24.522296905517578,0.003529963316395879,0.3843110203742981,0.00398748554289341,0.21676447987556458,23.661901473999023,0.004303380846977234,0.25734034180641174
25892,312,1,3344,-1,3,25.57329559326172,0.2859379053115845,23.697528839111328,0.18848589062690735,23.388349533081055,0.30757758021354675,0.6128076314926147,3344,3376,0.4165540635585785,0,0.0027712173759937286,0.004583161324262619,26.033723831176758,0.002492456929758191,0.333739697933197,0.004268225748091936,0.25092387199401855,23.396968841552734,0.004574074409902096,0.29920995235443115
26021,312,1,3505,-1,3,24.51970672607422,0.35163408517837524,25.90357208251953,0.233669713139534,23.632535934448242,0.2409117966890335,0.9699388742446899,3505,3537,0.39874207973480225,0,0.0035320722963660955,0.004332579206675291,24.67383575439453,0.003408917458727956,0.421017050743103,0.0025682817213237286,0.18110617995262146,25.753028869628906,0.0026588698383420706,0.21705886721611023
26144,312,1,3628,-1,2,23.967926025390625,0.2825663983821869,23.03548812866211,0.23787350952625275,24.13885498046875,0.3130253255367279,0.7599177956581116,3628,3660,0.3869076073169708,0,0.004010582808405161,0.0038557997904717922,23.942214965820312,0.0040343948639929295,0.33420902490615845,0.004971085581928492,0.19188672304153442,22.599624633789062,0.0054958839900791645,0.22497031092643738
26195,312,1,3711,-1,1,23.040502548217773,0.2949254512786865,21.624860763549805,0.2718086242675781,23.182401657104492,0.3986626863479614,0.6818010210990906,3711,3743,0.452279657125473,0,0.004965350031852722,0.004805737175047398,23.01907730102539,0.004989905282855034,0.33613505959510803,0.006878821179270744,0.29086631536483765,21.198657989501953,0.007588117849081755,0.3371237516403198
26257,312,1,3805,-1,3,23.85978889465332,0.31455767154693604,22.280357360839844,0.2563106119632721,23.940750122070312,0.3810936510562897,0.6725659370422363,3805,3837,0.4390907883644104,0,0.004111697897315025,0.004035759251564741,23.84746551513672,0.004123380873352289,0.375246524810791,0.0059151300229132175,0.2869258224964142,21.905094146728516,0.006448978092521429,0.34079617261886597
26396,312,1,3944,-1,2,24.62126922607422,0.2910197973251343,24.00445556640625,0.2328844517469406,25.502965927124023,0.2611563801765442,0.8917433023452759,3944,3976,0.3950457274913788,0,0.0034504288341850042,0.0028164603281766176,24.50020980834961,0.0035479620564728975,0.3495629131793976,0.003976990468800068,0.17843501269817352,23.739282608032227,0.004227385390549898,0.21583791077136993
26444,312,1,4024,-1,1,21.253339767456055,0.38427841663360596,20.761486053466797,0.29840174317359924,22.07660484313965,0.3723686635494232,0.8013610243797302,4024,4056,0.4544752538204193,0,0.00749317416921258,0.006199256516993046,21.13947296142578,0.007692238315939903,0.4495280385017395,0.008391729556024075,0.3623248040676117,20.484458923339844,0.00894445925951004,0.4221780002117157
26602,312,1,4214,-1,1,24.030357360839844,0.30443310737609863,22.74705696105957,0.24277739226818085,23.541391372680664,0.3122905194759369,0.77740877866745,4214,4246,0.4146498143672943,0,0.003953341394662857,0.004424469079822302,24.110721588134766,0.0038808598183095455,0.36372873187065125,0.0053124441765248775,0.19747304916381836,22.30954360961914,0.005875511094927788,0.2259235829114914
26642,312,1,4254,-1,1,23.893627166748047,0.2954905927181244,22.004621505737305,0.2415616810321808,24.195472717285156,0.33549070358276367,0.7200249433517456,4254,4286,0.4086093604564667,0,0.004079784732311964,0.0038058601785451174,23.8489990234375,0.0041219270788133144,0.34483715891838074,0.0063028656877577305,0.28066202998161316,21.57819366455078,0.00695313885807991,0.33080193400382996
26755,312,1,4399,-1,3,23.70821189880371,0.3051137328147888,22.230850219726562,0.23857656121253967,23.446575164794922,0.3382321298122406,0.705363392829895,4399,4431,0.4386882483959198,0,0.0042577385902404785,0.004522124771028757,23.749900817871094,0.004217063542455435,0.345904678106308,0.005982945207506418,0.259602427482605,21.757991790771484,0.006671152543276548,0.3023970127105713
26895,325,1,26,-1,2,22.01756477355957,0.26999732851982117,20.315305709838867,0.2597676217556,24.868831634521484,0.32684075832366943,0.7947834134101868,26,58,0.39916741847991943,0,0.006284106522798538,0.0032592436764389277,21.707304000854492,0.006749470718204975,0.31610921025276184,0.009299710392951965,0.18898272514343262,19.796377182006836,0.010480022989213467,0.22186221182346344
26972,325,1,103,-1,3,22.5576171875,0.3552889823913574,22.724559783935547,0.2597362697124481,24.499475479125977,0.32762983441352844,0.7927735447883606,103,135,0.44052979350090027,0,0.005549300462007523,0.0035485606640577316,22.323169708251953,0.005857107229530811,0.4242866337299347,0.005340034607797861,0.27444693446159363,22.434906005859375,0.005708334036171436,0.3190181255340576
26986,325,1,117,-1,1,22.04331398010254,0.36339935660362244,20.693099975585938,0.3069740831851959,24.119455337524414,0.3922264575958252,0.782645046710968,117,149,0.4402505159378052,0,0.006246958859264851,0.003873060690239072,21.796558380126953,0.006612174678593874,0.42379599809646606,0.008524911478161812,0.2722419798374176,20.201196670532227,0.009547295980155468,0.32492515444755554
27256,325,1,483,-1,1,24.000728607177734,0.4039008617401123,23.8890438079834,0.19237962365150452,22.072256088256836,0.28025102615356445,0.6864546537399292,483,515,0.39927569031715393,0,0.0039804065600037575,0.006205467507243156,24.391267776489258,0.003638089634478092,0.4840050935745239,0.004084094427525997,0.26421353220939636,23.511592864990234,0.004454927518963814,0.31562039256095886
27297,325,1,524,-1,2,21.502582550048828,0.39710885286331177,21.47701644897461,0.32017603516578674,25.557132720947266,0.3771972358226776,0.8488292098045349,524,556,0.4100281298160553,0,0.007075249683111906,0.0027815494686365128,21.11493682861328,0.007735819555819035,0.469539076089859,0.007117022760212421,0.24779066443443298,21.011159896850586,0.007922898977994919,0.2867623567581177
27383,325,1,642,-1,2,23.14440155029297,0.36242547631263733,20.573102951049805,0.25897783041000366,23.74850845336914,0.35436543822288513,0.7308213710784912,642,674,0.4457100033760071,0,0.004847968462854624,0.004218413028866053,23.05849266052246,0.004944823682308197,0.4123137295246124,0.008763745427131653,0.34902533888816833,20.08469581604004,0.009806869551539421,0.4102923572063446
27478,325,1,769,-1,1,23.792072296142578,0.2983410954475403,23.815231323242188,0.23449555039405823,23.849489212036133,0.27978426218032837,0.8381298780441284,769,801,0.38628798723220825,0,0.004176311194896698,0.004121458623558283,23.78330421447754,0.004184750374406576,0.35904690623283386,0.0041541000828146935,0.19028282165527344,23.46073341369629,0.004507406614720821,0.23036900162696838
27550,325,1,841,-1,1,24.698776245117188,0.3745623826980591,24.906875610351562,0.3000112473964691,24.206787109375,0.3483458459377289,0.8612453937530518,841,873,0.4109322726726532,0,0.003389396471902728,0.0037959597539156675,24.77967071533203,0.0033268483821302652,0.4461674392223358,0.0032308180816471577,0.24445007741451263,24.681507110595703,0.0034029027447104454,0.28557562828063965
27568,325,1,859,-1,3,24.192922592163086,0.38683611154556274,23.542329788208008,0.20611391961574554,22.265872955322266,0.2756107449531555,0.7478442788124084,859,891,0.40975403785705566,0,0.0038080969825387,0.005934891756623983,24.58308982849121,0.003480897517874837,0.44883692264556885,0.004423510283231735,0.25209516286849976,23.25969886779785,0.004720959346741438,0.2978333532810211
27894,325,1,1281,-1,0,23.11922264099121,0.312907338142395,22.83515167236328,0.24723926186561584,23.132448196411133,0.37151214480400085,0.665494441986084,1281,1313,0.45172083377838135,0,0.004876159131526947,0.004861333407461643,23.117191314697266,0.004878440406173468,0.3603443503379822,0.005205769557505846,0.21360352635383606,22.540325164794922,0.005571439396589994,0.24347609281539917
27903,325,1,1290,-1,1,22.964345932006836,0.4076833724975586,22.59613800048828,0.28908926248550415,23.170454025268555,0.3502161204814911,0.8254595994949341,1290,1322,0.4458472430706024,0,0.005053187720477581,0.004818974994122982,22.933486938476562,0.005089220125228167,0.4743233323097229,0.005500298924744129,0.3176046311855316,22.270414352416992,0.005928685888648033,0.37226155400276184
28003,325,1,1422,-1,3,27.011642456054688,0.29574698209762573,24.40416717529297,0.16010414063930511,24.127395629882812,0.25104403495788574,0.6377531886100769,1422,1454,0.39437738060951233,0,0.001989921322092414,0.003865988692268729,27.69220542907715,0.0017012952594086528,0.3530255854129791,0.003627298166975379,0.2711077332496643,24.19793128967285,0.0038037041667848825,0.3215270936489105
28052,325,1,1471,-1,0,21.312036514282227,0.356054425239563,20.24689483642578,0.28821253776550293,23.28322982788086,0.3686864376068115,0.7817280888557434,1471,1503,0.4067537486553192,0,0.007392588071525097,0.004695448558777571,21.07486343383789,0.007807532791048288,0.40869250893592834,0.009447360411286354,0.3106746971607208,19.816797256469727,0.010430866852402687,0.35406211018562317
28232,325,1,1715,-1,2,23.16118049621582,0.31950047612190247,21.33446502685547,0.2707383632659912,24.39282989501953,0.33841490745544434,0.8000190258026123,1715,1747,0.4066654145717621,0,0.004829275421798229,0.0036367811262607574,22.999252319335938,0.005012735724449158,0.362666517496109,0.007354508154094219,0.20465490221977234,20.9865665435791,0.007967890240252018,0.22376862168312073
28416,325,1,1931,-1,3,24.601566314697266,0.3078468143939972,22.273418426513672,0.24294471740722656,25.157997131347656,0.3400631248950958,0.714410662651062,1931,1963,0.41027727723121643,0,0.003466117661446333,0.0030493007507175207,24.521953582763672,0.003530243644490838,0.35915178060531616,0.005924588534981012,0.24153685569763184,21.84375762939453,0.00654070358723402,0.27885642647743225
28451,325,1,1966,-1,2,24.519689559936523,0.2864740490913391,23.564729690551758,0.21955323219299316,23.301240921020508,0.30024707317352295,0.7312418818473816,1966,1998,0.4020593464374542,0,0.00353208533488214,0.004676015581935644,24.741657257080078,0.0033560958690941334,0.3342229127883911,0.004400753881782293,0.29409533739089966,23.2334041595459,0.004749627318233252,0.3471142053604126
28483,325,1,1998,-1,2,23.712995529174805,0.30650535225868225,21.569299697875977,0.2471451610326767,24.797252655029297,0.3237434923648834,0.7633981108665466,1998,2030,0.40239349007606506,0,0.004253051243722439,0.003313405904918909,23.56783103942871,0.004397612065076828,0.3612197935581207,0.006967389024794102,0.21401499211788177,21.136768341064453,0.007697033695876598,0.24065423011779785
28650,325,1,2229,-1,1,24.583663940429688,0.3273990750312805,22.489017486572266,0.25145193934440613,24.053945541381836,0.4460967183113098,0.563671350479126,2229,2261,0.4631015956401825,0,0.003480436047539115,0.003931928426027298,24.671215057373047,0.0034109752159565687,0.3756844699382782,0.005637651775032282,0.233443945646286,22.10654067993164,0.00615667225793004,0.26994308829307556
28661,325,1,2240,-1,0,23.83032989501953,0.26502636075019836,22.088003158569336,0.2560437023639679,23.478477478027344,0.3854036331176758,0.6643520593643188,2240,2272,0.45667001605033875,0,0.004139680881053209,0.004489029757678509,23.8870849609375,0.004085935186594725,0.3008885979652405,0.006183009594678879,0.28552693128585815,21.7548770904541,0.006675939075648785,0.3240325450897217
28698,325,1,2277,-1,1,24.162639617919922,0.2929764986038208,23.274585723876953,0.2752208709716797,25.94042205810547,0.33060523867607117,0.8324758410453796,2277,2309,0.4241032600402832,0,0.0038347404915839434,0.00254658330231905,23.943805694580078,0.004032918717712164,0.34444460272789,0.004704801831394434,0.1686125099658966,23.02090835571289,0.0049878014251589775,0.19516578316688538
28778,325,1,2389,-1,3,23.832557678222656,0.3379203677177429,23.526308059692383,0.2664346396923065,23.794429779052734,0.3041686415672302,0.8759438395500183,2389,2421,0.41718390583992004,0,0.00413756025955081,0.004174043890088797,23.83845329284668,0.004131947178393602,0.4012380838394165,0.004439861048012972,0.2818632423877716,23.299705505371094,0.004677669145166874,0.3332481384277344
29226,325,1,2869,-1,3,24.623271942138672,0.2863081395626068,23.853759765625,0.22432778775691986,24.14267349243164,0.29814204573631287,0.7524191737174988,2869,2901,0.4111138582229614,0,0.003448838135227561,0.0038524118717759848,24.702167510986328,0.003386750118806958,0.3398045301437378,0.004117410164326429,0.1981596052646637,23.51363754272461,0.004452833905816078,0.23438477516174316
29417,325,1,3092,-1,0,23.492565155029297,0.4556097984313965,22.66293716430664,0.2494247406721115,21.565229415893555,0.31806451082229614,0.7841954231262207,3092,3124,0.40926703810691833,0,0.004474491346627474,0.006973922718316317,23.8828067779541,0.004089963622391224,0.5436467528343201,0.005416342988610268,0.3260892927646637,22.247901916503906,0.005959502886980772,0.3891295790672302
29425,325,1,3100,-1,0,24.15488052368164,0.3239966928958893,23.485509872436523,0.2153112143278122,24.412109375,0.30776381492614746,0.6995988488197327,3100,3132,0.4088018536567688,0,0.003841598052531481,0.003620670409873128,24.116626739501953,0.00387558713555336,0.3874204754829407,0.004481764975935221,0.2813800275325775,23.083097457885742,0.004916887730360031,0.335512638092041
29523,325,1,3230,-1,1,24.224206924438477,0.2817230820655823,23.73981285095215,0.2366691380739212,22.910184860229492,0.2896919846534729,0.8169682025909424,3230,3262,0.4231211543083191,0,0.003780761966481805,0.005116601008921862,24.466936111450195,0.003575248410925269,0.33523955941200256,0.0042268685065209866,0.1956767737865448,23.5875244140625,0.00437771575525403,0.236441969871521
29678,325,1,3449,-1,1,24.35565948486328,0.2798920273780823,23.770492553710938,0.2492413967847824,22.974781036376953,0.3039543330669403,0.819996178150177,3449,3481,0.42458486557006836,0,0.003668041666969657,0.005041060037910938,24.61324691772461,0.0034568081609904766,0.33808985352516174,0.004197113681584597,0.198407381772995,23.420867919921875,0.004548973869532347,0.24197334051132202
29790,325,1,3593,-1,0,24.599628448486328,0.2539384365081787,24.78863525390625,0.22622668743133545,23.312931060791016,0.28301987051963806,0.7993314862251282,3593,3625,0.39858925342559814,0,0.003467664821073413,0.004663446452468634,24.836368560791016,0.003283698810264468,0.30122917890548706,0.003319989424198866,0.14525285363197327,24.4790096282959,0.0035653237719088793,0.17421697080135345
29834,325,1,3637,-1,0,24.05999183654785,0.29932713508605957,23.469202041625977,0.21677987277507782,24.303539276123047,0.2874334752559662,0.7541914582252502,3637,3669,0.39514243602752686,0,0.003926458302885294,0.0037123262882232666,24.023704528808594,0.003959401976317167,0.34399712085723877,0.004498624242842197,0.16583214700222015,23.118030548095703,0.0048774960450828075,0.19174998998641968
29850,325,1,3653,-1,0,22.105876922607422,0.3485817611217499,20.47975730895996,0.28491225838661194,22.996562957763672,0.3798609673976898,0.750043511390686,3653,3685,0.38866740465164185,0,0.006157611031085253,0.005015839356929064,21.983720779418945,0.0063332682475447655,0.3987402021884918,0.008954151533544064,0.3475385308265686,20.044940948486328,0.009897050447762012,0.3990823030471802
30026,325,1,3893,-1,0,23.794185638427734,0.2825069725513458,22.419212341308594,0.256489098072052,23.764455795288086,0.34541136026382446,0.7425612807273865,3893,3925,0.41211482882499695,0,0.004174279514700174,0.0042029512114822865,23.798778533935547,0.004169868770986795,0.3251972794532776,0.005729000549763441,0.21160078048706055,22.026371002197266,0.006271378602832556,0.2381817102432251
30049,325,1,3916,-1,3,22.62982177734375,0.31525489687919617,22.17243003845215,0.2947140634059906,23.287343978881836,0.3522433638572693,0.8366774320602417,3916,3948,0.4153216481208801,0,0.005457804538309574,0.0046910010278224945,22.53694725036621,0.005575774237513542,0.3691185712814331,0.0060639712028205395,0.27916449308395386,21.806995391845703,0.006596301216632128,0.32562559843063354
30175,325,1,4074,-1,3,23.542634963989258,0.3410508930683136,22.030433654785156,0.25092098116874695,23.935386657714844,0.334143728017807,0.750937283039093,4074,4106,0.4177033305168152,0,0.004423200618475676,0.004040744621306658,23.48524284362793,0.004482039716094732,0.3928093910217285,0.006265514995902777,0.2708345651626587,21.61528778076172,0.006893997546285391,0.3152807354927063
