episode,start,index,dup,latent_mse,copy_latent_mse,latent_ratio,latent_skill,psnr_gain,lpips_gain,A_stock,A_full_stock,B_stock,C_stock
6000,896,896,0,0.12706826627254486,0.2561710774898529,0.49602893315533686,3.044929905597434,nan,nan,3.506244659423828,3.1943111419677734,nan,nan
6000,4290,4194,0,0.14718613028526306,0.2688525319099426,0.5474604581167415,2.6164724350495123,nan,nan,3.586824417114258,3.458404541015625,nan,nan
6000,4850,4754,0,0.14898276329040527,0.2811148762702942,0.5299711109815375,2.7574780338648197,nan,nan,2.0495738983154297,1.8628501892089844,nan,nan
6001,61,5063,0,0.18553774058818817,0.26220759749412537,0.7075986445905522,1.5021300765520265,nan,nan,1.0444259643554688,0.4959564208984375,nan,nan
6001,2725,7567,0,0.11585889011621475,0.1959967166185379,0.5911266888297276,2.2831943220953255,nan,nan,2.38934326171875,2.1859378814697266,nan,nan
6001,4803,9581,0,0.027302512899041176,0.04224003106355667,0.6463658338214836,1.8952160794967599,nan,nan,-1.9294624328613281,-2.0248470306396484,nan,nan
6001,4888,9666,0,0.016581153497099876,0.014505458064377308,1.1430975446283966,-0.5808329188811017,nan,nan,-4.774345397949219,-5.547519683837891,nan,nan
6002,626,10346,0,0.16701969504356384,0.2992080748081207,0.558205841037786,2.5320562338804176,nan,nan,6.797554016113281,5.307477951049805,nan,nan
6002,2021,11741,0,0.17421267926692963,0.33252307772636414,0.5239115446004942,2.8074203159395124,nan,nan,6.0428924560546875,5.026439666748047,nan,nan
6002,2288,12008,0,0.1795576810836792,0.3359488546848297,0.5344792178325215,2.720691768090414,nan,nan,4.556612014770508,3.8645477294921875,nan,nan
6002,3002,12722,0,0.17132286727428436,0.1602027863264084,1.0694125314725746,-0.29145268896079984,nan,nan,-0.8062953948974609,-0.7392616271972656,nan,nan
6003,2370,17163,0,0.19646473228931427,0.34470245242118835,0.569954553294724,2.441597724682103,nan,nan,4.8101348876953125,4.384305953979492,nan,nan
6003,4238,18967,0,0.22567236423492432,0.3912453353404999,0.5768052519744988,2.389707938968802,nan,nan,4.758073806762695,4.065692901611328,nan,nan
6004,1471,21234,0,0.12844693660736084,0.2794574201107025,0.4596297230414518,3.3759189439737765,nan,nan,4.665927886962891,4.007314682006836,nan,nan
6004,3088,22851,0,0.15481899678707123,0.31839480996131897,0.4862484938302852,3.1314173090471202,nan,nan,5.326841354370117,3.8405838012695312,nan,nan
6004,3305,23068,0,0.173417329788208,0.2813241481781006,0.6164324353642796,2.1011451770002028,nan,nan,1.9648418426513672,1.7993183135986328,nan,nan
6005,990,25613,0,0.11828916519880295,0.1659371703863144,0.7128551422409865,1.4699871322943092,nan,nan,1.8329925537109375,1.6492843627929688,nan,nan
6005,1303,25894,0,0.20604431629180908,0.2172059565782547,0.9486126418341372,0.22911091952518367,nan,nan,-0.1872692108154297,-0.40554046630859375,nan,nan
6005,3605,28068,0,0.2092137187719345,0.3312492072582245,0.6315900964823818,1.9956468847497457,nan,nan,2.9472217559814453,2.8899173736572266,nan,nan
6005,3782,28245,0,0.08498197048902512,0.19099923968315125,0.44493355381938565,3.517048415229753,nan,nan,3.3390445709228516,2.985118865966797,nan,nan
6006,935,30237,0,0.11997290700674057,0.24210630357265472,0.49553813856291185,3.0492291488200953,nan,nan,5.167655944824219,4.071416854858398,nan,nan
6006,1302,30604,0,0.16062815487384796,0.21204864978790283,0.7575061432105928,1.2061384077728339,nan,nan,2.0343780517578125,1.295867919921875,nan,nan
6006,1786,31088,0,0.13548551499843597,0.3946760892868042,0.34328280500413344,4.643479497896474,nan,nan,8.345693588256836,7.7597503662109375,nan,nan
6007,306,34752,0,0.17544148862361908,0.31167086958885193,0.5629062762748951,2.4956390902969288,nan,nan,1.952005386352539,1.7363471984863281,nan,nan
6007,312,34758,0,0.14374926686286926,0.28007981181144714,0.5132439426217655,2.8967616753255965,nan,nan,3.4488162994384766,3.179941177368164,nan,nan
6007,781,35227,0,0.20253928005695343,0.3480769395828247,0.5818807769905692,2.35165989919185,nan,nan,3.345052719116211,3.000629425048828,nan,nan
6010,295,48895,0,0.2031400054693222,0.4022301733493805,0.5050342289783245,2.966791863315588,nan,nan,7.4468536376953125,6.472604751586914,nan,nan
6010,4233,52833,0,0.20280484855175018,0.4785524308681488,0.4237881483202144,3.7285119295581364,nan,nan,6.149619102478027,5.922598838806152,nan,nan
6011,1171,54922,0,0.1943417489528656,0.33142295479774475,0.5863859039922724,2.318164781553884,nan,nan,2.9986839294433594,2.768177032470703,nan,nan
6011,1724,55443,0,0.2788540720939636,0.40321967005729675,0.691568623262697,1.6016471906062444,nan,nan,2.0920238494873047,1.5843486785888672,nan,nan
6011,3061,56748,0,0.15016935765743256,0.3017018735408783,0.49774088538129596,3.0299668401748088,nan,nan,4.856082916259766,4.409786224365234,nan,nan
6012,1595,60167,0,0.2006245106458664,0.3463629484176636,0.5792320210992726,2.3714743748370024,nan,nan,2.672922134399414,2.505373001098633,nan,nan
6012,1910,60450,0,0.1577054113149643,0.35690590739250183,0.44186831332418985,3.5470714087233035,nan,nan,4.908916473388672,4.183437347412109,nan,nan
6012,3324,61832,0,0.14198927581310272,0.30592337250709534,0.46413346796446403,3.3335711413165328,nan,nan,4.721860885620117,4.10820198059082,nan,nan
6013,80,63615,0,0.13538263738155365,0.22089062631130219,0.6128944430206752,2.126143162827366,nan,nan,2.349557876586914,1.7302799224853516,nan,nan
6013,945,64416,0,0.1060105562210083,0.1811644285917282,0.5851620930503607,2.327238153428206,nan,nan,2.3700523376464844,2.0419387817382812,nan,nan
6013,1831,65302,0,0.1288316696882248,0.23213469982147217,0.5549866943085431,2.557174288730847,nan,nan,3.9933128356933594,3.5119800567626953,nan,nan
6013,3287,66694,0,0.1172749325633049,0.2667611241340637,0.4396252750245838,3.5691734698521587,nan,nan,4.9041595458984375,4.64122200012207,nan,nan
6014,674,68927,0,0.2210536003112793,0.4348139762878418,0.508386602929581,2.938059025523683,nan,nan,4.921346664428711,4.622636795043945,nan,nan
6014,1934,70155,0,0.11925525963306427,0.3368884027004242,0.35399039764248347,4.510085185037132,nan,nan,6.545127868652344,5.070917129516602,nan,nan
6015,2800,76030,0,0.24576543271541595,0.4835568368434906,0.5082451823444306,2.9392672934736757,nan,nan,5.546989440917969,4.989599227905273,nan,nan
6016,4392,82308,0,0.1196499615907669,0.38829347491264343,0.30814311679506134,5.11247528959786,nan,nan,8.019830703735352,7.583087921142578,nan,nan
6016,4869,82785,0,0.11686749756336212,0.31554803252220154,0.37036357548874743,4.3137173187697995,nan,nan,4.558252334594727,3.9859161376953125,nan,nan
6017,1358,84237,0,0.13562706112861633,0.2549916207790375,0.5318883056402223,2.741795581880735,nan,nan,6.07988166809082,5.759302139282227,nan,nan
6017,3729,86480,0,0.14183309674263,0.27359700202941895,0.5184015018095088,2.853337489842265,nan,nan,3.221729278564453,2.8061046600341797,nan,nan
6018,623,88245,0,0.19143587350845337,0.4352310597896576,0.4398488324821584,3.56696556466256,nan,nan,3.7788352966308594,3.2515487670898438,nan,nan
6018,858,88448,0,0.13614945113658905,0.32027655839920044,0.4250996445605897,3.715092581602333,nan,nan,4.403270721435547,3.5558223724365234,nan,nan
6018,4147,91673,0,0.16284357011318207,0.2503553330898285,0.6504497751392144,1.8678623211084955,nan,nan,2.5310325622558594,1.8184013366699219,nan,nan
6019,1052,93580,0,0.22833597660064697,0.30397462844848633,0.7511678779445976,1.242629920008436,nan,nan,2.852571487426758,2.6277027130126953,nan,nan
6019,1896,94392,0,0.1659458428621292,0.37465715408325195,0.4429271963808668,3.5366765257702255,nan,nan,3.9078235626220703,3.5738773345947266,nan,nan
6020,1899,99170,0,0.13959673047065735,0.3086272180080414,0.45231503355941893,3.445589774024431,nan,nan,3.8047618865966797,2.715879440307617,nan,nan
6020,2070,99341,0,0.13390417397022247,0.3211851716041565,0.4169064633383891,3.799613719151072,nan,nan,5.380067825317383,4.628194808959961,nan,nan
6020,3358,100565,0,0.16034705936908722,0.348181813955307,0.4605268079557697,3.3674508379853236,nan,nan,2.4436283111572266,2.330873489379883,nan,nan
6021,2236,104413,0,0.1179085522890091,0.29968926310539246,0.3934360245917249,4.051258768388872,nan,nan,7.272729873657227,6.874843597412109,nan,nan
6021,2684,104829,0,0.025554358959197998,0.011223586276173592,2.276844346396394,-3.5733334163325465,nan,nan,-5.715312957763672,-6.014064788818359,nan,nan
6022,2515,109339,0,0.11559499800205231,0.36343517899513245,0.3180622148952743,4.974879210755038,nan,nan,7.420810699462891,6.146730422973633,nan,nan
6022,4776,111600,0,0.11609305441379547,0.36531758308410645,0.31778665957906427,4.9786433806886485,nan,nan,8.136344909667969,7.109031677246094,nan,nan
6023,461,112383,0,0.21447788178920746,0.3851008415222168,0.5569395302836129,2.5419195579535163,nan,nan,4.494010925292969,4.275632858276367,nan,nan
6023,631,112553,0,0.20499396324157715,0.387402206659317,0.5291502209274962,2.7642101821346516,nan,nan,4.142677307128906,3.732067108154297,nan,nan
6023,2013,113839,0,0.16345913708209991,0.28193172812461853,0.5797826948013749,2.3673475149297567,nan,nan,3.5306644439697266,3.1739349365234375,nan,nan
6023,3205,114967,0,0.18544535338878632,0.35403746366500854,0.5238014967937273,2.8083326488686993,nan,nan,3.2378616333007812,2.522714614868164,nan,nan
6025,182,121682,0,0.11575291305780411,0.16455917060375214,0.7034121078340243,1.527901604429486,nan,nan,1.099447250366211,0.745880126953125,nan,nan
6027,4069,135402,0,0.21052074432373047,0.32244589924812317,0.6528870263651084,1.851619612531323,nan,nan,3.1180591583251953,2.7605113983154297,nan,nan
6027,4723,136024,0,0.23019693791866302,0.45710402727127075,0.503598577533537,2.9791550527229265,nan,nan,4.159645080566406,3.9949607849121094,nan,nan
6028,1539,137689,0,0.15720584988594055,0.30292069911956787,0.5189670113097447,2.8486024766499645,nan,nan,2.3244380950927734,1.551534652709961,nan,nan
6028,4512,140598,0,0.13527674973011017,0.31929028034210205,0.42367951064833087,3.7296253818813008,nan,nan,4.192939758300781,3.7188072204589844,nan,nan
6028,4845,140899,0,0.3481356203556061,0.4844828248023987,0.7185716449238356,1.4352992419799213,nan,nan,2.634510040283203,2.55010986328125,nan,nan
6029,2590,143511,0,0.1528678685426712,0.3253597021102905,0.4698426619866157,3.2804755157676486,nan,nan,4.689579010009766,4.543760299682617,nan,nan
6029,4812,145605,0,0.18357940018177032,0.29077526926994324,0.631344614150604,1.9973352004249882,nan,nan,1.8231430053710938,1.738555908203125,nan,nan
6030,619,146237,0,0.22035756707191467,0.47603535652160645,0.4629016816777411,3.3451124146381566,nan,nan,4.662872314453125,4.408832550048828,nan,nan
6030,4980,150470,0,0.145295187830925,0.25837862491607666,0.5623343954172602,2.500053518754931,nan,nan,3.2472705841064453,2.0299530029296875,nan,nan
6032,4923,160339,0,0.22949372231960297,0.29331403970718384,0.7824164248963573,1.0656204118699266,nan,nan,2.5598621368408203,1.9645462036132812,nan,nan
6033,60,160613,0,0.13279210031032562,0.21656815707683563,0.6131653983794703,2.12422360857546,nan,nan,3.628927230834961,3.150453567504883,nan,nan
6033,877,161430,0,0.13969741761684418,0.22919121384620667,0.609523442336602,2.150095867122968,nan,nan,2.9896240234375,2.715860366821289,nan,nan
6033,1718,162239,0,0.10266289860010147,0.21177418529987335,0.48477532072537677,3.144594976404565,nan,nan,3.299501419067383,2.530313491821289,nan,nan
6033,2364,162821,0,0.32351717352867126,0.4295671582221985,0.7531236206873346,1.2313373113548132,nan,nan,3.409259796142578,3.2482070922851562,nan,nan
6034,4595,169866,0,0.11599104851484299,0.25909510254859924,0.44767750287015246,3.4903472966132303,nan,nan,1.0164222717285156,0.9619655609130859,nan,nan
6035,3210,173536,0,0.2016146183013916,0.3689754009246826,0.5464175058720143,2.624753953773484,nan,nan,2.8464183807373047,2.521810531616211,nan,nan
6035,3303,173629,0,0.14390002191066742,0.20464745163917542,0.7031605854754793,1.5294548092382423,nan,nan,1.6232528686523438,1.2335166931152344,nan,nan
6036,476,175680,0,0.16180920600891113,0.3560667932033539,0.4544349798901354,3.4252824642431134,nan,nan,5.487043380737305,5.060169219970703,nan,nan
6036,801,175973,0,0.18570728600025177,0.40843018889427185,0.45468550329986707,3.4228889214905345,nan,nan,6.495044708251953,6.15742301940918,nan,nan
6036,2451,177591,0,0.24995747208595276,0.4912724494934082,0.5087960302754707,2.9345628579553744,nan,nan,2.716938018798828,2.6050033569335938,nan,nan
6036,2492,177632,0,0.12009977549314499,0.3808947801589966,0.3153095861356038,5.0126282550166925,nan,nan,6.223672866821289,5.7241668701171875,nan,nan
6037,4111,183808,0,0.14995010197162628,0.33259108662605286,0.45085424114273376,3.459638406030715,nan,nan,5.150489807128906,4.925863265991211,nan,nan
6037,4624,184289,0,0.07543697208166122,0.18859045207500458,0.40000419560826483,3.9793545337213376,nan,nan,3.071887969970703,2.694812774658203,nan,nan
6038,4098,188524,0,0.15620718896389008,0.3167721927165985,0.4931215319888935,3.0704603372966366,nan,nan,5.862668991088867,3.957202911376953,nan,nan
6038,4141,188567,0,0.11497433483600616,0.290412575006485,0.3958999875726413,4.024145118803627,nan,nan,5.31689453125,4.153194427490234,nan,nan
6039,668,190199,0,0.1924716979265213,0.5691078305244446,0.3381989978053099,4.708276836935362,nan,nan,7.814248085021973,7.501404762268066,nan,nan
6039,1099,190630,0,0.18675315380096436,0.4374929368495941,0.42687124310116187,3.6970310118842282,nan,nan,6.809488296508789,6.055509567260742,nan,nan
6039,3868,193207,0,0.2118096649646759,0.4029653072357178,0.5256275445091261,2.7932188447780266,nan,nan,3.941843032836914,3.6041336059570312,nan,nan
6039,4287,193626,0,0.16338932514190674,0.260931134223938,0.6261779592836235,2.033022230971966,nan,nan,2.914896011352539,2.2819881439208984,nan,nan
6040,93,194303,0,0.11009945720434189,0.11511190235614777,0.9564558916218955,0.19335053307269678,nan,nan,-0.4376945495605469,-0.7242946624755859,nan,nan
6040,255,194465,0,0.16071803867816925,0.32041239738464355,0.5015974412663972,2.996446875814841,nan,nan,4.556459426879883,4.305973052978516,nan,nan
6040,1891,196005,0,0.15117962658405304,0.3348771631717682,0.45144800305928484,3.453922637000966,nan,nan,5.145549774169922,4.553226470947266,nan,nan
6040,2260,196374,0,0.19263002276420593,0.4202490746974945,0.4583710812519116,3.3878278992568656,nan,nan,5.5623779296875,5.203941345214844,nan,nan
6040,2623,196737,0,0.1391664743423462,0.3040538728237152,0.45770334398283535,3.3941591460353333,nan,nan,6.109148025512695,5.591127395629883,nan,nan
6040,4215,198265,0,0.24783280491828918,0.387417733669281,0.6397043381856432,1.940207040835974,nan,nan,3.156087875366211,2.755838394165039,nan,nan
6041,286,199285,0,0.0991155132651329,0.15339548885822296,0.6461435991559128,1.896709535365377,nan,nan,2.5000762939453125,1.7506980895996094,nan,nan
6041,870,199805,0,0.2302326261997223,0.3581084907054901,0.6429130617544239,1.918477507974673,nan,nan,2.320047378540039,2.106861114501953,nan,nan
6041,1873,200776,0,0.2082124799489975,0.31790414452552795,0.6549536504462837,1.8378943293593417,nan,nan,2.8307132720947266,2.543834686279297,nan,nan
6041,3813,202652,0,0.18209610879421234,0.40871819853782654,0.44552973037573096,3.511233100169772,nan,nan,3.461832046508789,3.375925064086914,nan,nan
6042,5158,208914,0,0.20733129978179932,0.2940605878829956,0.7050632023639115,1.5177195079923311,nan,nan,3.660581588745117,2.920778274536133,nan,nan
6043,515,209415,0,0.14512999355793,0.29463931918144226,0.492568316954864,3.0753352634626987,nan,nan,3.5535202026367188,3.192340850830078,nan,nan
6043,916,209784,0,0.17391207814216614,0.28219252824783325,0.6162887416686996,2.1021576586630477,nan,nan,1.9599323272705078,1.5155391693115234,nan,nan
6043,1776,210580,0,0.2221473753452301,0.4031486511230469,0.551030927987472,2.5882402460131804,nan,nan,2.7661895751953125,2.6752986907958984,nan,nan
6043,4515,213127,0,0.19640831649303436,0.32271918654441833,0.6086043987533452,2.1566491305671893,nan,nan,2.8505420684814453,2.6794261932373047,nan,nan
6043,4550,213162,0,0.14259064197540283,0.22189755737781525,0.6425967174240679,1.9206149728474187,nan,nan,4.749452590942383,4.425474166870117,nan,nan
6046,28,222717,0,0.17648473381996155,0.4024965465068817,0.43847515053633906,3.5805501413544256,nan,nan,6.373308181762695,6.110912322998047,nan,nan
6046,2048,224705,0,0.2957892417907715,0.361343115568161,0.8185827515370943,0.8693741066947112,nan,nan,-1.0893421173095703,-1.1971664428710938,nan,nan
6046,2634,225291,0,0.21297422051429749,0.3784259855747223,0.562789630291508,2.496539132782773,nan,nan,3.632387161254883,3.2259864807128906,nan,nan
6047,540,228270,0,0.17342670261859894,0.30956682562828064,0.5602237974518787,2.5163844695386173,nan,nan,4.273399353027344,4.057573318481445,nan,nan
6047,1541,229207,0,0.2692748010158539,0.39590245485305786,0.6801544110551101,1.6739248103417694,nan,nan,2.4056167602539062,2.0278854370117188,nan,nan
6047,3468,231102,0,0.2009274959564209,0.34978970885276794,0.5744236919245513,2.4076765605700516,nan,nan,3.8878555297851562,3.5103416442871094,nan,nan
6048,798,233246,0,0.14069360494613647,0.29343315958976746,0.4794741165000996,3.1923483242363524,nan,nan,4.097297668457031,3.5728302001953125,nan,nan
6048,999,233447,0,0.13261984288692474,0.2712074816226959,0.48899773005313174,3.106931568839201,nan,nan,5.076608657836914,4.156883239746094,nan,nan
6048,1191,233607,0,0.12226444482803345,0.33348172903060913,0.3666301154892094,4.357718643776051,nan,nan,4.634437561035156,3.7362403869628906,nan,nan
6048,2260,234644,0,0.09651589393615723,0.08717059344053268,1.1072070307976032,-0.44228834904326114,nan,nan,-1.2940635681152344,-1.8829574584960938,nan,nan
6048,4840,237192,0,0.1216554045677185,0.29064351320266724,0.41857257788818275,3.782292271725456,nan,nan,4.594200134277344,3.984668731689453,nan,nan
6049,818,238197,0,0.08480621874332428,0.19753813743591309,0.4293156746546615,3.6722325479623867,nan,nan,2.512298583984375,2.0858116149902344,nan,nan
6049,2389,239704,0,0.10504236072301865,0.22909913957118988,0.4585017687959407,3.386589845810159,nan,nan,4.669597625732422,4.104108810424805,nan,nan
6049,4866,242053,0,0.10763321071863174,0.24137063324451447,0.44592504594209115,3.5073813426853695,nan,nan,3.5061168670654297,2.902994155883789,nan,nan
6050,1856,243884,0,0.1335330605506897,0.3848281800746918,0.3469939767009061,4.596780638496541,nan,nan,7.533742904663086,6.444963455200195,nan,nan
6050,3970,245966,0,0.13601280748844147,0.3201989233493805,0.4247759675944726,3.7184006216281884,nan,nan,6.937788009643555,5.878007888793945,nan,nan
6050,4569,246533,0,0.20350828766822815,0.30201515555381775,0.6738346865244115,1.7144663690132511,nan,nan,-1.2061424255371094,-1.432821273803711,nan,nan
6051,314,247337,0,0.24700303375720978,0.4350738227367401,0.567726718660041,2.458606662932343,nan,nan,3.5831642150878906,3.4789047241210938,nan,nan
6051,2969,249864,0,0.20852337777614594,0.4688381254673004,0.44476625608957565,3.518681696049611,nan,nan,6.184110641479492,5.843076705932617,nan,nan
6052,749,252387,0,0.15368671715259552,0.16284190118312836,0.9437786959989056,0.2512983025069025,nan,nan,0.2982463836669922,0.20724105834960938,nan,nan
6052,1914,253520,0,0.10855225473642349,0.29735106229782104,0.3650642910019257,4.37630645766423,nan,nan,3.844236373901367,3.2338294982910156,nan,nan
6053,2020,258422,0,0.0674985870718956,0.08698555082082748,0.7759747042463286,1.1015243593935604,nan,nan,1.5527267456054688,1.1149482727050781,nan,nan
6053,3954,260292,0,0.1453569382429123,0.2445041686296463,0.5944967689409271,2.25850501406836,nan,nan,4.87864875793457,4.475683212280273,nan,nan
6053,4339,260645,0,0.13260573148727417,0.28195005655288696,0.47031638549219645,3.2760989047594413,nan,nan,5.249547958374023,4.808500289916992,nan,nan
6055,1560,267888,0,0.21581891179084778,0.3483331799507141,0.6195760961427336,2.0790534609934723,nan,nan,3.886493682861328,3.533733367919922,nan,nan
6055,2597,268861,0,0.19502797722816467,0.39768800139427185,0.4904044792510901,3.094455717173179,nan,nan,5.540761947631836,5.057638168334961,nan,nan
6056,1293,272300,0,0.16232673823833466,0.32010290026664734,0.5071079896593116,2.9489954694055767,nan,nan,5.077640533447266,4.7617645263671875,nan,nan
6056,1705,272680,0,0.18834905326366425,0.35212311148643494,0.5348954587745659,2.7173108921943263,nan,nan,2.1700592041015625,1.830352783203125,nan,nan
6056,3103,274078,0,0.19638723134994507,0.32442528009414673,0.6053388666042129,2.1800144072508036,nan,nan,4.295618057250977,2.9131011962890625,nan,nan
6056,3554,274497,0,0.11872950941324234,0.27561765909194946,0.43077613315637625,3.657483664827381,nan,nan,4.787326812744141,4.052696228027344,nan,nan
6057,3120,278930,0,0.10047779232263565,0.11308201402425766,0.8885391119854106,0.5132345053106625,nan,nan,-0.13019561767578125,-0.2984428405761719,nan,nan
6057,3309,279087,0,0.13743239641189575,0.26125961542129517,0.5260376587107756,2.7898316385985344,nan,nan,2.433347702026367,2.3377017974853516,nan,nan
6057,4698,280412,0,0.1361081451177597,0.2241598665714264,0.607192300743051,2.166737439735891,nan,nan,1.7983036041259766,1.6457710266113281,nan,nan
6058,4528,285053,0,0.13469956815242767,0.21436236798763275,0.6283732047604499,2.0178234252574465,nan,nan,0.4162921905517578,-0.06588172912597656,nan,nan
6059,1857,287423,0,0.1598309725522995,0.3435785472393036,0.46519485525671284,3.323650969229002,nan,nan,6.161552429199219,5.631908416748047,nan,nan
6059,2794,288296,0,0.16173863410949707,0.2693030834197998,0.6005821844132871,2.2142755479730734,nan,nan,3.0846099853515625,2.872926712036133,nan,nan
6060,2686,292828,0,0.14118488132953644,0.21454744040966034,0.6580590337500916,1.8173514455945383,nan,nan,2.1714706420898438,1.9090805053710938,nan,nan
6060,3977,294055,0,0.13338780403137207,0.30958276987075806,0.4308631390792765,3.656606587991298,nan,nan,3.7837486267089844,3.171947479248047,nan,nan
6060,4794,294840,0,0.12838946282863617,0.3022167682647705,0.4248257420189036,3.7178917535868363,nan,nan,4.738866806030273,4.12226676940918,nan,nan
6061,2285,297216,0,0.11102121323347092,0.33474332094192505,0.3316607271537827,4.793059514234884,nan,nan,5.098697662353516,4.865428924560547,nan,nan
6061,2480,297411,0,0.09285379946231842,0.2943858802318573,0.3154152617278624,5.01117296663937,nan,nan,6.316476821899414,5.895782470703125,nan,nan
6061,3991,298826,0,0.2487182915210724,0.35821494460105896,0.6943269544437012,1.5843597468448525,nan,nan,1.5630302429199219,1.5220661163330078,nan,nan
6061,4827,299630,0,0.12554553151130676,0.23672138154506683,0.5303514650509317,2.754362271089861,nan,nan,2.3611526489257812,1.871469497680664,nan,nan
6062,537,300211,0,0.16981294751167297,0.3292085826396942,0.5158217509095944,2.8750034870283696,nan,nan,5.5588531494140625,4.627737045288086,nan,nan
6062,748,300422,0,0.1964547038078308,0.3913007378578186,0.5020555414317,2.992482350402263,nan,nan,5.081520080566406,4.619285583496094,nan,nan
6063,1052,305838,0,0.1797443926334381,0.17853739857673645,1.006760455043725,-0.029261483805083845,nan,nan,0.4655723571777344,0.35976409912109375,nan,nan
6063,1763,306517,0,0.25426822900772095,0.4331672787666321,0.5869977753899259,2.31363544642863,nan,nan,4.876762390136719,4.708108901977539,nan,nan
6063,2793,307483,0,0.19264467060565948,0.27824240922927856,0.6923627176003768,1.5966632608890585,nan,nan,0.9379386901855469,0.9247684478759766,nan,nan
6064,454,309990,0,0.14875605702400208,0.32147321105003357,0.46273235812750174,3.3467012992552547,nan,nan,3.686857223510742,3.3924331665039062,nan,nan
6064,4816,314128,0,0.2796268165111542,0.412598580121994,0.6777212282904034,1.689489107226834,nan,nan,0.8422908782958984,0.773193359375,nan,nan
6065,3474,317600,0,0.1148543581366539,0.3421127498149872,0.3357207768455474,4.740217806162889,nan,nan,5.228178024291992,4.8900299072265625,nan,nan
6065,4463,318557,0,0.16953547298908234,0.3887474834918976,0.4361069336481399,3.6040700843964704,nan,nan,6.959434509277344,6.741859436035156,nan,nan
6066,178,319150,0,0.2095649093389511,0.38010555505752563,0.5513334560638959,2.5858565282622976,nan,nan,2.1695499420166016,1.9312896728515625,nan,nan
6066,204,319176,0,0.21185436844825745,0.35566720366477966,0.5956533699630415,2.2500639681300854,nan,nan,3.236268997192383,2.8175697326660156,nan,nan
6066,601,319573,0,0.44848448038101196,0.46845918893814087,0.9573608352044376,0.1892434309859255,nan,nan,0.7709197998046875,0.6683197021484375,nan,nan
6066,1476,320448,0,0.1599077433347702,0.3368956744670868,0.47465062763930643,3.2362594051453857,nan,nan,5.611919403076172,5.2179107666015625,nan,nan
6067,2337,326492,0,0.24384687840938568,0.46172839403152466,0.528117572064968,2.7726938198340605,nan,nan,5.2837677001953125,5.114109039306641,nan,nan
6067,3765,327888,0,0.18399980664253235,0.44209805130958557,0.4161968280508973,3.8070123398801887,nan,nan,8.901557922363281,8.260675430297852,nan,nan
6068,501,329492,0,0.18340086936950684,0.31366071105003357,0.5847110043063432,2.330587326300496,nan,nan,3.9951210021972656,3.559812545776367,nan,nan
6068,2154,331113,0,0.17515552043914795,0.33121493458747864,0.5288273629850071,2.766860813477816,nan,nan,4.539863586425781,4.192470550537109,nan,nan
6068,2541,331500,0,0.21801932156085968,0.3210398852825165,0.6791035368362461,1.6806400768011778,nan,nan,2.20904541015625,2.0251731872558594,nan,nan
6068,3791,332718,0,0.1795143187046051,0.24832744896411896,0.7228935804456449,1.4092563192672243,nan,nan,1.1739273071289062,0.4726982116699219,nan,nan
6069,917,334910,0,0.10885107517242432,0.19487586617469788,0.5585662160692796,2.5292533540621087,nan,nan,2.8467178344726562,2.3520050048828125,nan,nan
6069,1185,335146,0,0.10364340990781784,0.17842788994312286,0.5808700082753658,2.3592104662029034,nan,nan,1.7931232452392578,1.2679996490478516,nan,nan
6069,3307,337140,0,0.13874627649784088,0.23469172418117523,0.5911852110760103,2.282764386667086,nan,nan,3.2543563842773438,3.003915786743164,nan,nan
6070,434,339074,0,0.18291912972927094,0.2803904116153717,0.6523729847802072,1.8550403169645648,nan,nan,2.8863143920898438,2.0431270599365234,nan,nan
6070,3476,342020,0,0.12709267437458038,0.3095948100090027,0.4105129358301732,3.866731531093461,nan,nan,4.446086883544922,3.889162063598633,nan,nan
6070,4303,342815,0,0.15003140270709991,0.3538707494735718,0.4239723202053035,3.7266249617731595,nan,nan,4.224275588989258,3.2612743377685547,nan,nan
6070,4546,343058,0,0.17080366611480713,0.3016684949398041,0.5661965666944765,2.4703276843994497,nan,nan,4.333488464355469,3.7414398193359375,nan,nan
6071,663,344202,0,0.18020808696746826,0.20696234703063965,0.8707288526293598,0.6011706444124829,nan,nan,1.123046875,0.7943172454833984,nan,nan
6073,229,353378,0,0.18891918659210205,0.3177811801433563,0.5944945717266124,2.258521065287907,nan,nan,1.961263656616211,1.9162788391113281,nan,nan
6073,482,353631,0,0.10638511180877686,0.1030883938074112,1.031979526303655,-0.1367108130132081,nan,nan,-1.5844345092773438,-1.5877933502197266,nan,nan
6073,3360,356285,0,0.13848552107810974,0.2624540627002716,0.527656229258921,2.7764893041969643,nan,nan,4.243309020996094,3.6287498474121094,nan,nan
6073,4576,357437,0,0.15390180051326752,0.3524770736694336,0.43662925055262597,3.5988717350988764,nan,nan,6.322242736816406,6.061775207519531,nan,nan
6074,2455,360116,0,0.2743217945098877,0.4520229399204254,0.6068758248379598,2.169001624742541,nan,nan,1.8521995544433594,1.6911869049072266,nan,nan
6074,4068,361729,0,0.2734529972076416,0.5159482359886169,0.5300008375523831,2.7572344408960547,nan,nan,6.929573059082031,6.7078704833984375,nan,nan
6074,4414,362075,0,0.20205307006835938,0.40186038613319397,0.5027941967919929,2.9860974354725593,nan,nan,4.351535797119141,3.993001937866211,nan,nan
6074,4495,362156,0,0.15366947650909424,0.4287478029727936,0.3584146098093135,4.456142958005175,nan,nan,5.248943328857422,4.934932708740234,nan,nan
6075,134,362932,0,0.15245430171489716,0.29086145758628845,0.5241474858169177,2.8054649304678274,nan,nan,3.395719528198242,3.098316192626953,nan,nan
6075,505,363303,0,0.19411404430866241,0.3869030773639679,0.5017123296904026,2.9954522595907687,nan,nan,4.2863006591796875,3.961179733276367,nan,nan
6075,855,363621,0,0.14198748767375946,0.30801454186439514,0.46097657212648785,3.363211458787525,nan,nan,4.973377227783203,4.40233039855957,nan,nan
6076,4522,371894,0,0.19991929829120636,0.26965922117233276,0.7413775706317964,1.2996055709549141,nan,nan,-0.6664276123046875,-2.9064674377441406,nan,nan
6076,4732,372104,0,0.26672449707984924,0.3207121789455414,0.8316631378228404,0.800525475185535,nan,nan,0.9109973907470703,0.5239830017089844,nan,nan
6077,827,373223,0,0.09147341549396515,0.11717486381530762,0.7806573228721359,1.0753956208240838,nan,nan,0.3952198028564453,0.5049495697021484,nan,nan
6077,1995,374295,0,0.1380164921283722,0.2955418825149536,0.4669946978543352,3.3068805028116093,nan,nan,3.297525405883789,3.193296432495117,nan,nan
6077,2248,374516,0,0.11510256677865982,0.2526944875717163,0.4555009010475267,3.4151075959201096,nan,nan,2.1551132202148438,1.9824485778808594,nan,nan
6077,4730,376838,0,0.1720770299434662,0.3061563968658447,0.5620559678159165,2.5022043656013397,nan,nan,4.0250701904296875,3.6811141967773438,nan,nan
6078,248,377181,0,0.12410235404968262,0.1960316151380539,0.6330731599710812,1.9854609861491566,nan,nan,2.4276962280273438,2.033895492553711,nan,nan
6078,2829,379730,0,0.11838791519403458,0.30236345529556274,0.3915417459372179,4.072219269300863,nan,nan,5.096050262451172,3.7280521392822266,nan,nan
6078,3201,380070,0,0.13458161056041718,0.3188033401966095,0.4221461747465357,3.745371417075871,nan,nan,4.337284088134766,3.6767520904541016,nan,nan
6079,444,382418,0,0.2924058139324188,0.49073711037635803,0.595850217457909,2.2486289782151956,nan,nan,3.8090591430664062,3.604400634765625,nan,nan
6079,627,382601,0,0.18477576971054077,0.401235967874527,0.4605164653840883,3.367548373507055,nan,nan,4.151144027709961,3.6344032287597656,nan,nan
6080,1685,388416,0,0.0965796709060669,0.2965652644634247,0.3256607650285964,4.872345612324302,nan,nan,3.891094207763672,3.525960922241211,nan,nan
6080,2260,388927,0,0.2281298190355301,0.3919053077697754,0.5821044382729944,2.3499908941100944,nan,nan,2.2643260955810547,2.1491260528564453,nan,nan
6080,2554,389221,0,0.14561747014522552,0.2630361020565033,0.5536026005812128,2.568018784222926,nan,nan,2.1117610931396484,1.7885780334472656,nan,nan
6080,3707,390342,0,0.16735048592090607,0.30617478489875793,0.5465848076818065,2.623424436855329,nan,nan,3.663013458251953,3.3422393798828125,nan,nan
6080,4900,391535,0,0.3105778396129608,0.4793250262737274,0.6479483077013375,1.8845964007931768,nan,nan,3.181912422180176,3.0150279998779297,nan,nan
6080,5009,391644,0,0.15078186988830566,0.3222782015800476,0.4678624528406225,3.2988180665315303,nan,nan,4.151195526123047,3.659605026245117,nan,nan
6081,719,392342,0,0.2900850772857666,0.39966922998428345,0.725812886063743,1.3917532561369594,nan,nan,1.4410324096679688,1.363718032836914,nan,nan
6081,938,392561,0,0.13621778786182404,0.1963382512331009,0.6937913881085792,1.5877109526959352,nan,nan,2.5168285369873047,1.9408493041992188,nan,nan
6081,1610,393201,0,0.24651895463466644,0.31383615732192993,0.7855020808892642,1.0485266012429064,nan,nan,-0.6212577819824219,-0.5643787384033203,nan,nan
6082,1148,397450,0,0.14755450189113617,0.26721373200416565,0.5521965536143776,2.579063082199883,nan,nan,3.2515411376953125,2.238889694213867,nan,nan
6082,1696,397998,0,0.146187424659729,0.27427634596824646,0.5329931902937537,2.7327833963522616,nan,nan,6.013393402099609,4.928991317749023,nan,nan
6082,1930,398232,0,0.16888181865215302,0.29690811038017273,0.5688016350779712,2.4503916385297413,nan,nan,2.8434619903564453,2.0365066528320312,nan,nan
6082,2887,399189,0,0.18466977775096893,0.4357483983039856,0.4237990970700944,3.7283997291520365,nan,nan,6.731524467468262,6.569395065307617,nan,nan
6084,390,406554,0,0.1360914260149002,0.24644358456134796,0.5522214191825413,2.578867522560132,nan,nan,1.397287368774414,1.2574405670166016,nan,nan
6084,2911,409011,0,0.1355547457933426,0.3061022460460663,0.44284139546281714,3.537517893723681,nan,nan,3.8011741638183594,3.3223018646240234,nan,nan
6084,3897,409933,0,0.1358180046081543,0.3370802104473114,0.4029248837477626,3.9477591071876743,nan,nan,4.63471794128418,3.764324188232422,nan,nan
6084,4130,410166,0,0.19442443549633026,0.35194656252861023,0.5524260106405364,2.577258811221674,nan,nan,2.418478012084961,2.1562118530273438,nan,nan
6085,688,411680,0,0.220812126994133,0.2996259331703186,0.7369593301145102,1.3255647848315546,nan,nan,0.5397872924804688,0.43100738525390625,nan,nan
6085,789,411781,0,0.3649040162563324,0.4595254063606262,0.7940888821497785,1.001308843905275,nan,nan,1.1903839111328125,1.120504379272461,nan,nan
6085,803,411795,0,0.18248236179351807,0.41474649310112,0.439985303863743,3.565618293262489,nan,nan,3.3544349670410156,2.9136486053466797,nan,nan
6085,1387,412379,0,0.17813177406787872,0.3253982961177826,0.547426880205302,2.616738813171647,nan,nan,4.2946319580078125,3.7578659057617188,nan,nan
6085,1748,412708,0,0.10462188720703125,0.19856952130794525,0.5268778738947641,2.782900391329928,nan,nan,2.2675247192382812,1.9031200408935547,nan,nan
6085,3020,413948,0,0.10891981422901154,0.21566012501716614,0.5050530978795534,2.9666296068558466,nan,nan,3.8128108978271484,3.479625701904297,nan,nan
6085,3932,414796,0,0.1923421025276184,0.2699056565761566,0.7126271637561887,1.4713762733361577,nan,nan,2.1831607818603516,2.0521011352539062,nan,nan
6086,17,415830,0,0.12805679440498352,0.3190678656101227,0.40134657296219056,3.964804410464068,nan,nan,4.408895492553711,3.81427001953125,nan,nan
6086,1481,417230,0,0.14186064898967743,0.2900334298610687,0.48911826839282374,3.1058611613183302,nan,nan,5.157970428466797,4.194864273071289,nan,nan
6086,1519,417268,0,0.11341995000839233,0.3121407628059387,0.3633615455694479,4.396610358355492,nan,nan,6.150472640991211,4.609127044677734,nan,nan
6086,1590,417339,0,0.14854854345321655,0.375655859708786,0.39543784454307085,4.029217697979411,nan,nan,10.660541534423828,8.863122940063477,nan,nan
6087,3033,423578,0,0.24234695732593536,0.34396257996559143,0.7045736119033028,1.5207362629725134,nan,nan,3.0787830352783203,2.2848129272460938,nan,nan
6087,4617,425098,0,0.2977610230445862,0.3765718638896942,0.7907150044853235,1.0198002001955584,nan,nan,1.7616558074951172,1.6609210968017578,nan,nan
6088,28,425419,0,0.13393442332744598,0.29058074951171875,0.4609198081858639,3.3637462752103175,nan,nan,4.211694717407227,3.860494613647461,nan,nan
6088,2772,428099,0,0.15628977119922638,0.2572892904281616,0.6074476358465625,2.164911538499085,nan,nan,2.461498260498047,1.6180953979492188,nan,nan
6088,3075,428370,0,0.1256275475025177,0.3411547839641571,0.3682420807433747,4.338665841362067,nan,nan,5.175954818725586,4.744123458862305,nan,nan
6088,4100,429331,0,0.22727632522583008,0.40601691603660583,0.5597705815915789,2.519899293571053,nan,nan,1.6070842742919922,1.3578128814697266,nan,nan
6088,4240,429471,0,0.14251311123371124,0.3416975140571594,0.4170738895392477,3.797869978405026,nan,nan,4.143363952636719,3.960439682006836,nan,nan
6089,2777,432829,0,0.10792318731546402,0.1867038905620575,0.5780446620076833,2.380386049806047,nan,nan,1.451324462890625,1.053152084350586,nan,nan
6091,1327,441447,0,0.22923783957958221,0.3677440881729126,0.6233624059560544,2.0525939291280904,nan,nan,2.781482696533203,2.650409698486328,nan,nan
6091,3694,443718,0,0.27191004157066345,0.43325328826904297,0.6276006413177224,2.02316621298285,nan,nan,4.497173309326172,4.183820724487305,nan,nan
6092,2355,447296,0,0.12438046187162399,0.31136077642440796,0.3994737657709465,3.9851173638758586,nan,nan,4.917634963989258,3.7035064697265625,nan,nan
6093,1671,451518,0,0.12904971837997437,0.22458143532276154,0.5746232683681448,2.40616791989587,nan,nan,3.6181640625,3.4244956970214844,nan,nan
6094,78,454594,0,0.1981847584247589,0.37986862659454346,0.5217192064568507,2.825631749611815,nan,nan,9.788570404052734,8.859724044799805,nan,nan
6094,362,454878,0,0.22772037982940674,0.43868008255958557,0.5191035309848508,2.8474601700436986,nan,nan,4.977581024169922,4.565553665161133,nan,nan
6094,1585,456101,0,0.15202224254608154,0.3175700604915619,0.4787045803712372,3.199324170544278,nan,nan,4.475116729736328,3.8692359924316406,nan,nan
6095,2344,461979,0,0.22448496520519257,0.36916375160217285,0.6080904862162834,2.160317912199412,nan,nan,4.07731819152832,3.310934066772461,nan,nan
6095,3896,463435,0,0.21672013401985168,0.543615460395813,0.39866440491235317,3.9939253895574236,nan,nan,7.20649528503418,7.052644729614258,nan,nan
6096,1871,466320,0,0.12427722662687302,0.30325767397880554,0.409807359518159,3.874202465950817,nan,nan,4.68061637878418,3.622953414916992,nan,nan
6096,2876,467293,0,0.22488336265087128,0.38899922370910645,0.5781074843970357,2.3799140804870014,nan,nan,4.004926681518555,3.6714000701904297,nan,nan
6096,3468,467853,0,0.1766713708639145,0.36767637729644775,0.48050781005565946,3.1829954902246844,nan,nan,5.524787902832031,5.087566375732422,nan,nan
6096,4990,469343,0,0.23292799293994904,0.35600587725639343,0.6542813133733622,1.8423548320878176,nan,nan,4.295978546142578,3.66204833984375,nan,nan
6097,537,469956,0,0.13248851895332336,0.2144409865140915,0.6178320716903491,2.091295512035199,nan,nan,3.0733718872070312,2.776103973388672,nan,nan
6097,964,470351,0,0.13492265343666077,0.3259005844593048,0.4139994215122635,3.830002657250125,nan,nan,6.4801025390625,6.253450393676758,nan,nan
6097,2993,472252,0,0.24423065781593323,0.38416215777397156,0.6357488702977104,1.9671440287684094,nan,nan,1.7543354034423828,1.6739349365234375,nan,nan
6098,1920,476018,0,0.2851578891277313,0.4927401542663574,0.578718593682108,2.3753256394056024,nan,nan,3.1535892486572266,2.8929004669189453,nan,nan
6098,3561,477627,0,0.15226517617702484,0.3245391249656677,0.46917355863682886,3.2866647153881487,nan,nan,6.6208343505859375,5.666486740112305,nan,nan
6098,4175,478241,0,0.21558356285095215,0.3598010241985321,0.5991744001595637,2.2244675022671787,nan,nan,3.722543716430664,3.363016128540039,nan,nan
6099,1294,480440,0,0.26762428879737854,0.3508910834789276,0.762699029408225,1.1764680628326754,nan,nan,2.731555938720703,2.0148048400878906,nan,nan
6099,4067,483053,0,0.19077639281749725,0.38046032190322876,0.5014357130939446,2.9978473809360877,nan,nan,5.850484848022461,5.263853073120117,nan,nan
