backbone,label,map,role,D,S0,n_windows,episodes,delta,delta_reference,delta_lomo_mean,outside_reference,lora_A0,lora_A_budget,lora_gain,lora_fraction_closed,lora_cost_half_gap,lora_censored_half_gap
unet200k_ema,U-Net,2,training,0.06485798628825476,2.9878363832989048,123,25,0.15514929275093578,the other three training maps,,0,,,,,,
unet200k_ema,U-Net,3,training,0.0336755487048344,2.5523258985033612,137,24,-0.041135807304987844,the other three training maps,,8,,,,,,
unet200k_ema,U-Net,4,training,0.06931636179487749,3.5620230611843517,134,25,-0.6156844591943227,the other three training maps,,0,,,,,,
unet200k_ema,U-Net,5,training,0.02603867851160626,2.705439565267528,118,25,0.4633903370309365,the other three training maps,,5,,,,,,
unet200k_ema,U-Net,1,arena,0.1716580750267614,1.3054866843686745,256,8,1.8621763323876785,all four training maps,1.8643038776622778,0,1.8385154083371162,3.3661734238266945,1.5276580154895782,0.4743196249850591,,True
unet200k_ema,U-Net,6,arena,0.19799332433933442,1.136153914959634,256,8,1.8637165631479822,all four training maps,1.863303144128074,0,1.068928960710764,3.3763842843472958,2.307455323636532,0.5782629576073021,1000,False
unet200k_ema,U-Net,7,arena,0.2702537790745706,1.4234158176553082,256,8,1.531768905746819,all four training maps,1.5072032904872477,0,1.0703127905726433,3.8639473915100098,2.7936346009373665,0.700345449368911,250,False
unet200k_ema,U-Net,8,arena,0.11788685535167391,1.3608180248870412,256,8,1.551919642200438,all four training maps,1.5246877519046265,0,2.036097891628742,3.4383439160883427,1.4022460244596004,0.463835622905323,,True
unet200k_ema,U-Net,9,arena,0.18363665623403014,1.8569036141261757,256,8,1.1480271124014771,all four training maps,1.1163493666865658,0,2.8779164142906666,5.109124138951302,2.231207724660635,1.0228636712771537,250,False
unet200k_ema,U-Net,10,arena,0.15497229872153936,1.7328407746902665,256,8,0.9242762548172174,all four training maps,0.8908842824361201,0,2.307948589324951,4.823287583887577,2.515338994562626,0.9142357975137347,250,False
unet200k_ema,U-Net,11,arena,0.15599316784118852,1.8033481467206482,256,8,1.216749159297607,all four training maps,1.2063620346917407,1,2.276899054646492,4.310293216258287,2.0333941616117954,0.7308185048833288,250,False
unet200k_ema,U-Net,12,arena,0.13759359951270747,1.2060843914252453,256,8,1.8569229126404072,all four training maps,1.8301070171272544,0,1.7893540859222412,3.3284734338521957,1.5391193479299545,0.4706935632119657,,True
unet200k_ema,U-Net,13,arena,0.1535985226971703,1.4219319631578182,256,8,1.5381676662201131,all four training maps,1.5408179735140397,0,2.121122594922781,3.799065340310335,1.6779427453875542,0.5710924144257604,2000,False
unet200k_ema,U-Net,14,arena,0.14672580235748658,1.251485640727364,256,8,1.7815138329769988,all four training maps,1.7679909303472128,1,1.8517136983573437,3.6201278679072857,1.768414169549942,0.5513308495483447,2000,False
unet200k_ema,U-Net,15,arena,0.1268088966284467,1.9623085032644396,256,8,1.1322164509117876,all four training maps,1.126163832603472,0,2.8785769753158092,4.559550389647484,1.6809734143316746,0.7708504478062501,500,False
unet200k_ema,U-Net,16,arena,0.17080395683483,1.677201361556637,256,8,1.4287046476412173,all four training maps,1.4187885304582974,1,2.5265442188829184,3.6392434295266867,1.1126992106437683,0.439332059824832,,True
unet200k_ema,U-Net,17,arena,0.12987513995592131,1.5190013639782722,256,8,1.5710817525243326,all four training maps,1.552308969024991,0,1.645927906036377,3.8328074105083942,2.1868795044720173,0.6406893094325306,1000,False
pixart200k_ema,PixArt,2,training,0.06485798628825476,2.928422776208719,123,25,0.14501611058179664,the other three training maps,,0,,,,,,
pixart200k_ema,PixArt,3,training,0.0336755487048344,2.442624318097752,137,24,0.07819420923285265,the other three training maps,,8,,,,,,
pixart200k_ema,PixArt,4,training,0.06931636179487749,3.4663988894344677,134,25,-0.5747407058017209,the other three training maps,,0,,,,,,
pixart200k_ema,PixArt,5,training,0.02603867851160626,2.7235527316787667,118,25,0.34609855080159896,the other three training maps,,5,,,,,,
pixart200k_ema,PixArt,1,arena,0.1716580750267614,1.3989071749873396,256,8,1.6957228674352427,all four training maps,1.6982583344114301,0,1.8385154083371162,3.3661734238266945,1.5276580154895782,0.4743196249850591,,True
pixart200k_ema,PixArt,6,arena,0.19799332433933442,1.276517364049561,256,8,1.6471501474946693,all four training maps,1.6564477542952365,0,1.068928960710764,3.3763842843472958,2.307455323636532,0.5782629576073021,1000,False
pixart200k_ema,PixArt,7,arena,0.2702537790745706,1.4959337219810882,256,8,1.3848489851514012,all four training maps,1.36629462415465,0,1.0703127905726433,3.8639473915100098,2.7936346009373665,0.700345449368911,250,False
pixart200k_ema,PixArt,8,arena,0.11788685535167391,1.514358862438462,256,8,1.3262350539076013,all four training maps,1.3098206776199102,0,2.036097891628742,3.4383439160883427,1.4022460244596004,0.463835622905323,,True
pixart200k_ema,PixArt,9,arena,0.18363665623403014,1.9667882192851822,256,8,0.9674275264806769,all four training maps,0.9404556643846405,0,2.8779164142906666,5.109124138951302,2.231207724660635,1.0228636712771537,250,False
pixart200k_ema,PixArt,10,arena,0.15497229872153936,1.8354310052647396,256,8,0.7549781928400876,all four training maps,0.7336389034515636,0,2.307948589324951,4.823287583887577,2.515338994562626,0.9142357975137347,250,False
pixart200k_ema,PixArt,11,arena,0.15599316784118852,1.9089392108619392,256,8,1.047807922055476,all four training maps,1.0405744473824061,1,2.276899054646492,4.310293216258287,2.0333941616117954,0.7308185048833288,250,False
pixart200k_ema,PixArt,12,arena,0.13759359951270747,1.328129397237304,256,8,1.6642799904724135,all four training maps,1.6425701219754356,0,1.7893540859222412,3.3284734338521957,1.5391193479299545,0.4706935632119657,,True
pixart200k_ema,PixArt,13,arena,0.1535985226971703,1.4527851329459436,256,8,1.445360673673298,all four training maps,1.4454567242931595,0,2.121122594922781,3.799065340310335,1.6779427453875542,0.5710924144257604,2000,False
pixart200k_ema,PixArt,14,arena,0.14672580235748658,1.307952743832049,256,8,1.6591170259538472,all four training maps,1.645426291109523,1,1.8517136983573437,3.6201278679072857,1.768414169549942,0.5513308495483447,2000,False
pixart200k_ema,PixArt,15,arena,0.1268088966284467,2.2074121218291944,256,8,0.8235904830428893,all four training maps,0.8188989610645985,0,2.8785769753158092,4.559550389647484,1.6809734143316746,0.7708504478062501,500,False
pixart200k_ema,PixArt,16,arena,0.17080395683483,1.8056725200281332,256,8,1.231892672477564,all four training maps,1.2176218487132169,1,2.5265442188829184,3.6392434295266867,1.1126992106437683,0.439332059824832,,True
pixart200k_ema,PixArt,17,arena,0.12987513995592131,1.7309352561375455,256,8,1.3079066951046783,all four training maps,1.2861478466611074,0,1.645927906036377,3.8328074105083942,2.1868795044720173,0.6406893094325306,1000,False
sd35_170000,"SD 3.5 (170k, provisional)",2,training,0.06485798628825476,3.8104361106184106,123,25,0.2066928535530404,the other three training maps,,0,,,,,,
sd35_170000,"SD 3.5 (170k, provisional)",3,training,0.0336755487048344,3.1037672609063414,137,24,0.5464388108850989,the other three training maps,,8,,,,,,
sd35_170000,"SD 3.5 (170k, provisional)",4,training,0.06931636179487749,4.577003988355846,134,25,-0.7576381000524314,the other three training maps,,2,,,,,,
sd35_170000,"SD 3.5 (170k, provisional)",5,training,0.02603867851160626,3.865123570029687,118,25,0.13919624072523362,the other three training maps,,0,,,,,,
sd35_170000,"SD 3.5 (170k, provisional)",1,arena,0.1716580750267614,1.3991576674886028,256,8,2.6715560781037846,all four training maps,2.6399811138852334,0,1.8385154083371162,3.3661734238266945,1.5276580154895782,0.4743196249850591,,True
sd35_170000,"SD 3.5 (170k, provisional)",6,arena,0.19799332433933442,0.9185038006736089,256,8,3.036637581766949,all four training maps,3.0095880417827066,0,1.068928960710764,3.3763842843472958,2.307455323636532,0.5782629576073021,1000,False
sd35_170000,"SD 3.5 (170k, provisional)",7,arena,0.2702537790745706,1.329568455945507,256,8,2.5293002818666883,all four training maps,2.514897148574893,0,1.0703127905726433,3.8639473915100098,2.7936346009373665,0.700345449368911,250,False
sd35_170000,"SD 3.5 (170k, provisional)",8,arena,0.11788685535167391,1.4110432803290425,256,8,2.32643586198114,all four training maps,2.319747286592339,2,2.036097891628742,3.4383439160883427,1.4022460244596004,0.463835622905323,,True
sd35_170000,"SD 3.5 (170k, provisional)",9,arena,0.18363665623403014,2.471396814659232,256,8,1.5265753476545756,all four training maps,1.5131288810612717,1,2.8779164142906666,5.109124138951302,2.231207724660635,1.0228636712771537,250,False
sd35_170000,"SD 3.5 (170k, provisional)",10,arena,0.15497229872153936,2.061679271876221,256,8,1.3135605498704936,all four training maps,1.3241043082639954,0,2.307948589324951,4.823287583887577,2.515338994562626,0.9142357975137347,250,False
sd35_170000,"SD 3.5 (170k, provisional)",11,arena,0.15599316784118852,2.0213723288004344,256,8,1.950131205991095,all four training maps,1.9199514405652653,1,2.276899054646492,4.310293216258287,2.0333941616117954,0.7308185048833288,250,False
sd35_170000,"SD 3.5 (170k, provisional)",12,arena,0.13759359951270747,1.5117903033629774,256,8,2.3547599962282915,all four training maps,2.338962300617987,0,1.7893540859222412,3.3284734338521957,1.5391193479299545,0.4706935632119657,,True
sd35_170000,"SD 3.5 (170k, provisional)",13,arena,0.1535985226971703,1.2751889123344924,256,8,2.619051792343355,all four training maps,2.6155932892420415,3,2.121122594922781,3.799065340310335,1.6779427453875542,0.5710924144257604,2000,False
sd35_170000,"SD 3.5 (170k, provisional)",14,arena,0.14672580235748658,1.1621393485952827,256,8,2.7958832170575,all four training maps,2.792890153120391,0,1.8517136983573437,3.6201278679072857,1.768414169549942,0.5513308495483447,2000,False
sd35_170000,"SD 3.5 (170k, provisional)",15,arena,0.1268088966284467,2.210700248782657,256,8,1.9526354611188783,all four training maps,1.9128385901814817,0,2.8785769753158092,4.559550389647484,1.6809734143316746,0.7708504478062501,500,False
sd35_170000,"SD 3.5 (170k, provisional)",16,arena,0.17080395683483,1.847041932210395,256,8,2.2855384739045244,all four training maps,2.2781936737561788,1,2.5265442188829184,3.6392434295266867,1.1126992106437683,0.439332059824832,,True
sd35_170000,"SD 3.5 (170k, provisional)",17,arena,0.12987513995592131,1.4639309731650216,256,8,2.5700573933719593,all four training maps,2.5372757708064126,0,1.645927906036377,3.8328074105083942,2.1868795044720173,0.6406893094325306,1000,False
