key,set,map,cluster,training,D,D_sd,D_sd_kind,coverage,coverage_sd,coverage_p2.5,coverage_p97.5,state_only,without_state,shuffled_transitions,shuffled_controls,state_share,G,G_sd,G_p2.5,G_p97.5,L_train,L_own,coverage_windows,gap_windows
val/2,val,2,arena,True,,,,0.5267727261513482,0.005496793405236921,0.516363830072576,0.5380643784022257,0.14825261134088574,0.4528712584404676,0.5412910113074478,0.5523855283073689,0.28143562485482776,0.005416376320897453,0.0011360193880203182,0.0033281315496527424,0.007735483636893356,0.006479322375597876,0.0010629460547004223,6250,2000
val/3,val,3,arena,True,,,,0.52388760140794,0.003308059959778064,0.5168643707793306,0.5299175151734173,0.15820053128546566,0.44131350621889676,0.5376834359260649,0.5530219157200428,0.30197418465392983,0.008400701752692327,0.0015004500429181087,0.0057914405185953925,0.011789191562739363,0.007890628048041325,-0.0005100737046510015,6250,2000
val/4,val,4,arena,True,,,,0.5610774305851691,0.007804922041316173,0.5469299501228388,0.5782693573390967,0.16867181729295397,0.4785104659807181,0.5799935074645561,0.5821192127183875,0.3006212834421796,0.012316568904823943,0.0013522208332991668,0.009716487148741158,0.01495420715899935,-0.0030820350219723843,-0.015398603926796327,6250,2000
val/5,val,5,arena,True,,,,0.6088784517201415,0.0034352917241505204,0.6017798041968048,0.6155458073771016,0.18127469815344902,0.5106619862583969,0.6237332569476167,0.6341062265125855,0.29771902362668634,0.007808756282897762,0.0006244216773765196,0.006578579224693975,0.00897940873413534,0.007050144216196054,-0.0007586120667017084,6250,2000
arenas13/1,arenas13,1,arena,False,0.1716580750267614,0.001258298459858132,bootstrap_full,0.5513702854972414,0.0016298875611543606,0.5483579533719376,0.5547487797530657,0.17978225438906761,0.4406258303326004,0.5575139880381635,0.5632391537347083,0.32606445997889577,0.037801867382438945,0.0008621953560583387,0.03606136088314155,0.039577022832896096,0.005762322885647484,-0.03203954449679146,6000,2000
arenas13/6,arenas13,6,arena,False,0.19799332433933442,0.004091383121945358,bootstrap_full,0.5744144011353822,0.002192111516527566,0.5701078221511273,0.5785487774908086,0.23689775997643803,0.4373773443375679,0.5796961063408949,0.5845675041998595,0.41241612241647857,0.014045716488386316,0.001411667722937202,0.011144779716364732,0.016577898661948098,0.01457940207428136,0.0005336855858950452,6000,2000
arenas13/7,arenas13,7,arena,False,0.2702537790745706,0.0035835970884040046,bootstrap_full,0.6015075146603954,0.0030467722175251386,0.5952271729902867,0.6068749367077536,0.25167337044396465,0.4424728924338913,0.6059701686607281,0.6073752212967517,0.418404366213208,0.01997916892701327,0.0011687970635611113,0.01767019561927044,0.022367931464881443,0.01739318076744606,-0.00258598815956721,6000,2000
arenas13/8,arenas13,8,arena,False,0.11788685535167391,0.001804408691719006,bootstrap_full,0.5406501186889259,0.004680121327483074,0.5311794310398723,0.5492650570943086,0.18186989179397867,0.4386052443661864,0.5501252167564397,0.55501975633012,0.3363911067568289,0.01914528274210359,0.003438526214839951,0.013683534138858075,0.02702989910872781,0.015903783480951166,-0.0032414992611524236,6000,2000
arenas13/9,arenas13,9,arena,False,0.18363665623403014,0.00219585700484257,bootstrap_full,0.5331585177871138,0.002415571355018928,0.5285491414434806,0.5381133807383994,0.18763762758029917,0.42813175845324225,0.5400062763432353,0.5423894485032675,0.35193590896586124,0.024664155914984436,0.0017088624091955663,0.02169394974727542,0.028305428833024487,0.009539229154238278,-0.015124926760746159,6000,2000
arenas13/10,arenas13,10,arena,False,0.15497229872153936,0.0023963178169080284,bootstrap_full,0.5328230108336196,0.0019398395346230035,0.5289297124229335,0.5366409710268046,0.1997842141327913,0.42263132290944005,0.5386737701888973,0.5438143378676434,0.3749541781617542,0.021892207884454704,0.0010865427562920624,0.019619363057367226,0.02401207036789154,0.012819474939837462,-0.009072732944617242,6000,2000
arenas13/11,arenas13,11,arena,False,0.15599316784118852,0.001404732374076818,bootstrap_full,0.6126686921585665,0.00282177975518708,0.6070961842756587,0.6180610062313094,0.21751071115934054,0.5037889652490882,0.6200993042045769,0.6227800420929069,0.3550217498351393,0.012725963502151499,0.0017467407857619853,0.009224621127348034,0.015963343844815816,0.008767730243038684,-0.003958233259112815,6000,2000
arenas13/12,arenas13,12,arena,False,0.13759359951270747,0.004997633740439298,bootstrap_full,0.5264357548479419,0.002075526478952924,0.5226512057706695,0.5307588799441408,0.1947533140369982,0.4071964321352275,0.53173455600135,0.5351005969311203,0.3699469730988383,0.017783697235374173,0.001096922913882922,0.015598029632104453,0.01989195186263786,0.009841654952178034,-0.00794204228319614,6000,2000
arenas13/13,arenas13,13,arena,False,0.1535985226971703,0.0027293662846860343,bootstrap_full,0.5827923389229702,0.004784403373011463,0.5736666599115469,0.5920125308846471,0.21015612112080367,0.457046411469432,0.5891422309900873,0.590728334251491,0.3606020654100959,0.008735229164539652,0.000970897109052691,0.006907366201688471,0.010652620272814774,0.00983080190704574,0.0010955727425060898,6000,2000
arenas13/14,arenas13,14,arena,False,0.14672580235748658,0.0008893306684927341,bootstrap_full,0.5514796180606758,0.001564260330153385,0.5483719555960629,0.5544064700129093,0.1803484361502465,0.45039566949334675,0.5572767973348959,0.5624691883950043,0.3270264761269997,0.011061798554010302,0.0009153406888397662,0.009407919387415194,0.013002446376912585,0.011577332818464306,0.0005155342644540042,6000,2000
arenas13/15,arenas13,15,arena,False,0.1268088966284467,0.001615737046268104,bootstrap_full,0.5490420594588935,0.0027561847271546126,0.5438661173929888,0.5545548628476888,0.19067912403155798,0.44263982836757254,0.5541645350419692,0.5559144950595646,0.34729420223194035,0.014234986176298672,0.0012678700983624327,0.011820413357005616,0.01672424956843127,0.0073775832699488845,-0.006857402906349786,6000,2000
arenas13/16,arenas13,16,arena,False,0.17080395683483,0.0021603805398572396,bootstrap_full,0.5592266208434594,0.0027479162943244264,0.5541042213152622,0.5648580422758932,0.20537363405362946,0.44025760251911594,0.5630786431932931,0.5661346385859433,0.36724581126676786,0.014912940003407874,0.0008505735748390753,0.013371598138245061,0.016662228840717667,0.012068591384848809,-0.0028443486185590647,6000,2000
arenas13/17,arenas13,17,arena,False,0.12987513995592131,0.0008730965962101025,bootstrap_full,0.5732638268096933,0.001703477121997712,0.5700549986994445,0.576757912647167,0.19762888673398754,0.46072108805422224,0.5778216101829792,0.5809606226929102,0.3447433406601364,0.012722098607082618,0.00048583017440116655,0.011821552023469229,0.013663563020694118,0.006184450384958463,-0.006537648222124154,6000,2000
