key,set,map,cluster,training,n_episodes,windows,coverage,state_only,without_state,shuffled_transitions,shuffled_controls,coverage_sd,state_only_sd,without_state_sd,shuffled_transitions_sd,shuffled_controls_sd,coverage_eligible_weighted,coverage_episode_weighted,coverage_motion_weighted,state_share,rise_shuffled_transitions,rise_shuffled_controls,half_a,half_b
val/2,val,2,arena,True,25,6250,0.5267727261513482,0.14825261134088574,0.4528712584404676,0.5412910113074478,0.5523855283073689,0.005496793405236921,0.0015010421194903859,0.004883421614868926,0.00423997934898107,0.005680895816059641,0.5267727261513482,0.5268989273519523,0.5361941355871835,0.28143562485482776,0.014518285156099653,0.025612802156020686,0.5536158719916723,0.5410424508015463
val/3,val,3,arena,True,25,6250,0.52388760140794,0.15820053128546566,0.44131350621889676,0.5376834359260649,0.5530219157200428,0.003308059959778064,0.0009715721511463424,0.0029178950962346108,0.0023429308662954946,0.0023882490889456493,0.52388760140794,0.5239070287688734,0.5399876078769155,0.30197418465392983,0.013795834518124939,0.029134314312102783,0.5404165275852684,0.5402578028309919
val/4,val,4,arena,True,25,6250,0.5610774305851691,0.16867181729295397,0.4785104659807181,0.5799935074645561,0.5821192127183875,0.007804922041316173,0.0031058792291395465,0.005272967997245169,0.005348151379146912,0.007383677132959186,0.5610774305851691,0.560699735563931,0.5710316443280652,0.3006212834421796,0.01891607687938701,0.02104178213321839,0.5770186237081879,0.5752079865590626
val/5,val,5,arena,True,25,6250,0.6088784517201415,0.18127469815344902,0.5106619862583969,0.6237332569476167,0.6341062265125855,0.0034352917241505204,0.0011539233842018863,0.003246710292613831,0.0022729146695572443,0.0029123737299446345,0.6088784517201415,0.6089969905838442,0.6237339598855116,0.29771902362668634,0.014854805227475176,0.02522777479244398,0.6252967067931794,0.6242780376932419
arenas13/1,arenas13,1,arena,False,24,6000,0.5513702854972414,0.17978225438906761,0.4406258303326004,0.5575139880381635,0.5632391537347083,0.0016298875611543606,0.0007498003106255757,0.0016184936562970269,0.0013292867457548759,0.0015946933412796782,0.5513702854972414,0.5514776572181094,0.5568499781483935,0.32606445997889577,0.0061437025409221135,0.011868868237466912,0.5650542604335715,0.5631545269893505
arenas13/6,arenas13,6,arena,False,24,6000,0.5744144011353822,0.23689775997643803,0.4373773443375679,0.5796961063408949,0.5845675041998595,0.002192111516527566,0.0011260925113427585,0.002327360769936222,0.0015710900491379704,0.0018722278871679723,0.5744144011353822,0.5743694870813033,0.583769438114401,0.41241612241647857,0.005281705205512632,0.010153103064477254,0.5834620910361442,0.5887009500800016
arenas13/7,arenas13,7,arena,False,24,6000,0.6015075146603954,0.25167337044396465,0.4424728924338913,0.6059701686607281,0.6073752212967517,0.0030467722175251386,0.0009078178801213308,0.0032568654007490124,0.002180233933426139,0.002837989031653488,0.6015075146603954,0.6012880864751607,0.609602811425075,0.418404366213208,0.004462654000332633,0.0058677066363562735,0.6121048877921575,0.6138744439146793
arenas13/8,arenas13,8,arena,False,24,6000,0.5406501186889259,0.18186989179397867,0.4386052443661864,0.5501252167564397,0.55501975633012,0.004680121327483074,0.00145430536344094,0.005662820536599412,0.0031457552582300247,0.004384776370337835,0.5406501186889259,0.5406861203031775,0.5575772386455287,0.3363911067568289,0.009475098067513787,0.014369637641194144,0.5521692106530943,0.5512971566652328
arenas13/9,arenas13,9,arena,False,24,6000,0.5331585177871138,0.18763762758029917,0.42813175845324225,0.5400062763432353,0.5423894485032675,0.002415571355018928,0.0006192130656332054,0.002321801720944417,0.0016882458542970672,0.0021215050815917803,0.5331585177871138,0.5332913646624665,0.5412812988288991,0.35193590896586124,0.006847758556121519,0.009230930716153773,0.5418889816391849,0.5488156350406301
arenas13/10,arenas13,10,arena,False,24,6000,0.5328230108336196,0.1997842141327913,0.42263132290944005,0.5386737701888973,0.5438143378676434,0.0019398395346230035,0.0005341229364237469,0.0019660417381927144,0.0015947972917644043,0.0017068492259329532,0.5328230108336196,0.5328904058391116,0.5430098214908458,0.3749541781617542,0.005850759355277679,0.010991327034023834,0.5420121215527939,0.5453422269953394
arenas13/11,arenas13,11,arena,False,24,6000,0.6126686921585665,0.21751071115934054,0.5037889652490882,0.6200993042045769,0.6227800420929069,0.00282177975518708,0.0011487629400188874,0.002630609316809118,0.0023599885489644676,0.0029006208298838158,0.6126686921585665,0.6127088171822496,0.6239048393879899,0.3550217498351393,0.007430612046010476,0.010111349934340486,0.6230022659607678,0.6246999812660484
arenas13/12,arenas13,12,arena,False,24,6000,0.5264357548479419,0.1947533140369982,0.4071964321352275,0.53173455600135,0.5351005969311203,0.002075526478952924,0.002501894432190553,0.0018203846783478067,0.0017743542686725403,0.0019913611880396677,0.5264357548479419,0.5264560612588521,0.5351323541379642,0.3699469730988383,0.005298801153408084,0.008664842083178415,0.5364343567572071,0.5376624722105551
arenas13/13,arenas13,13,arena,False,24,6000,0.5827923389229702,0.21015612112080367,0.457046411469432,0.5891422309900873,0.590728334251491,0.004784403373011463,0.0011610368640609225,0.006581047345374323,0.003865072556281696,0.004060800199019566,0.5827923389229702,0.5833707376657739,0.5949832646581951,0.3606020654100959,0.006349892067117113,0.00793599532852074,0.5926699924187476,0.5956810230737946
arenas13/14,arenas13,14,arena,False,24,6000,0.5514796180606758,0.1803484361502465,0.45039566949334675,0.5572767973348959,0.5624691883950043,0.001564260330153385,0.000387425129451363,0.002034520863733225,0.0014534892498667999,0.001068638512172362,0.5514796180606758,0.5514571407262254,0.5606110109294342,0.3270264761269997,0.005797179274220077,0.010989570334328458,0.5617465828374766,0.563160346526524
arenas13/15,arenas13,15,arena,False,24,6000,0.5490420594588935,0.19067912403155798,0.44263982836757254,0.5541645350419692,0.5559144950595646,0.0027561847271546126,0.001104933267456614,0.002507744001486915,0.0020682636695710348,0.0025366168294166684,0.5490420594588935,0.5489697132592952,0.5541615538060315,0.34729420223194035,0.0051224755830756585,0.0068724356006710785,0.5592251182371656,0.5593932432377138
arenas13/16,arenas13,16,arena,False,24,6000,0.5592266208434594,0.20537363405362946,0.44025760251911594,0.5630786431932931,0.5661346385859433,0.0027479162943244264,0.0011394673356637402,0.002457812973347317,0.0020512121144559865,0.0024593103959625546,0.5592266208434594,0.5591884371363348,0.563667910534993,0.36724581126676786,0.003852022349833728,0.006908017742483841,0.5688350960491881,0.5694540893354807
arenas13/17,arenas13,17,arena,False,24,6000,0.5732638268096933,0.19762888673398754,0.46072108805422224,0.5778216101829792,0.5809606226929102,0.001703477121997712,0.0006237859747223758,0.0019108729442327385,0.001461871241124048,0.0016429523944191996,0.5732638268096933,0.5732996892363478,0.5782718499535899,0.3447433406601364,0.004557783373285829,0.0076967958832168115,0.5830666794495458,0.5847079297290527
