key,set,map,cluster,training,n_held_out,windows,usable_windows,excluded_static,own_memory_windows,train_memory_windows,L_train,L_own,G,L_train_sd,L_own_sd,G_sd,G_eligible_weighted,G_episode_weighted,fallback_train,fallback_own,skipped
val/2,val,2,arena,True,8,2000,2000,0,4000,4000,0.006479322375597876,0.0010629460547004223,0.005416376320897453,0.000865091886845573,0.0015363409284638225,0.0011360193880203182,0.005416376320897454,0.005444637897802395,0.628,0.588,
val/3,val,3,arena,True,8,2000,2000,0,4000,4000,0.007890628048041325,-0.0005100737046510015,0.008400701752692327,0.0011768514198642957,0.0022590608719959405,0.0015004500429181087,0.008400701752692325,0.008378361485106801,0.6585,0.629,
val/4,val,4,arena,True,8,2000,2000,0,4000,4000,-0.0030820350219723843,-0.015398603926796327,0.012316568904823943,0.0007018878961440934,0.001798187455163492,0.0013522208332991668,0.012316568904823943,0.01238471589462151,0.2055,0.2055,
val/5,val,5,arena,True,8,2000,2000,0,4000,4000,0.007050144216196054,-0.0007586120667017084,0.007808756282897762,0.001077879973867438,0.0009251953737312394,0.0006244216773765196,0.007808756282897762,0.00781509768792582,0.466,0.567,
arenas13/1,arenas13,1,arena,False,8,2000,2000,0,4000,4000,0.005762322885647484,-0.03203954449679146,0.037801867382438945,0.0005471473749751657,0.0012927738730142727,0.0008621953560583387,0.037801867382438945,0.0377736218028004,0.1215,0.1215,
arenas13/6,arenas13,6,arena,False,8,2000,2000,0,4000,4000,0.01457940207428136,0.0005336855858950452,0.014045716488386316,0.0013066942608042967,0.0015653978711719146,0.001411667722937202,0.014045716488386314,0.014040121027326661,0.6325,0.5375,
arenas13/7,arenas13,7,arena,False,8,2000,2000,0,4000,4000,0.01739318076744606,-0.00258598815956721,0.01997916892701327,0.0010258213907226503,0.0009365406820258469,0.0011687970635611113,0.019979168927013267,0.02001976046540007,0.7805,0.805,
arenas13/8,arenas13,8,arena,False,8,2000,2000,0,4000,4000,0.015903783480951166,-0.0032414992611524236,0.01914528274210359,0.004024888417700452,0.0008203762887237337,0.003438526214839951,0.01914528274210359,0.019206206548533708,0.3585,0.487,
arenas13/9,arenas13,9,arena,False,8,2000,2000,0,4000,4000,0.009539229154238278,-0.015124926760746159,0.024664155914984436,0.0006780728325913576,0.0012505526354719212,0.0017088624091955663,0.024664155914984442,0.02462087506375167,0.3025,0.3025,
arenas13/10,arenas13,10,arena,False,8,2000,2000,0,4000,4000,0.012819474939837462,-0.009072732944617242,0.021892207884454704,0.0008429128840303711,0.0014557485391419158,0.0010865427562920624,0.021892207884454704,0.021872376670428642,0.574,0.5395,
arenas13/11,arenas13,11,arena,False,8,2000,2000,0,4000,4000,0.008767730243038684,-0.003958233259112815,0.012725963502151499,0.0008611664640191819,0.0024806608513588584,0.0017467407857619853,0.012725963502151499,0.01275761644611819,0.761,0.702,
arenas13/12,arenas13,12,arena,False,8,2000,2000,0,4000,4000,0.009841654952178034,-0.00794204228319614,0.017783697235374173,0.0006134811751795949,0.0007825899565842876,0.001096922913882922,0.01778369723537417,0.01780337535077419,0.32,0.418,
arenas13/13,arenas13,13,arena,False,8,2000,2000,0,4000,4000,0.00983080190704574,0.0010955727425060898,0.008735229164539652,0.001027541226123394,0.0013466111407643483,0.000970897109052691,0.008735229164539653,0.008743592540712782,0.6315,0.8385,
arenas13/14,arenas13,14,arena,False,8,2000,2000,0,4000,4000,0.011577332818464306,0.0005155342644540042,0.011061798554010302,0.002876840388501384,0.002198727426620048,0.0009153406888397662,0.0110617985540103,0.011088446349744426,0.617,0.559,
arenas13/15,arenas13,15,arena,False,8,2000,2000,0,4000,4000,0.0073775832699488845,-0.006857402906349786,0.014234986176298672,0.0004851767673108938,0.0016367524692127947,0.0012678700983624327,0.01423498617629867,0.01423814368119835,0.459,0.4585,
arenas13/16,arenas13,16,arena,False,8,2000,2000,0,4000,4000,0.012068591384848809,-0.0028443486185590647,0.014912940003407874,0.00040753955933482336,0.0006436595280546258,0.0008505735748390753,0.014912940003407874,0.01491706289057323,0.414,0.3035,
arenas13/17,arenas13,17,arena,False,8,2000,2000,0,4000,4000,0.006184450384958463,-0.006537648222124154,0.012722098607082618,0.00031082157185648786,0.0007141674409306161,0.00048583017440116655,0.012722098607082618,0.012711653176611385,0.501,0.501,
