set,map,D,sw_uniform,frechet,gauss_kl_ts,gauss_kl_st,mmd2,knn_kl_ts,knn_kl_st,D_pooled,frechet_pooled,D_nearest,A0,A_budget,gain,cost,censored,S0
arenas13,1,0.171658,0.175187,11.619,74.0303,347.606,0.0938673,54.28,104.977,0.222987,14.4173,3,1.8385154083371162,3.3661734238266945,1.5276580154895782,8000,True,1.3054738165638233
arenas13,6,0.197993,0.197391,11.7797,82.4784,187.03,0.146493,83.994,102.408,0.253213,15.3476,3,1.068928960710764,3.3763842843472958,2.307455323636532,1000,False,1.136231114115652
arenas13,7,0.270254,0.273153,18.2882,131.726,219.535,0.258286,91.2281,129.688,0.310384,22.0599,3,1.0703127905726433,3.8639473915100098,2.7936346009373665,250,False,1.4232416525394926
arenas13,8,0.117887,0.117616,3.99398,38.2203,83.0187,0.0534689,30.8653,66.7708,0.107997,4.43796,4,2.036097891628742,3.4383439160883427,1.4022460244596004,8000,True,1.3610322764701066
arenas13,9,0.183637,0.186699,10.585,76.9124,253.532,0.1274,51.541,89.2477,0.215475,12.3352,3,2.8779164142906666,5.109124138951302,2.231207724660635,250,False,1.8568998741287268
arenas13,10,0.154972,0.156797,9.09071,115.916,448.026,0.0858733,50.4028,103.738,0.184578,12.2686,3,2.307948589324951,4.823287583887577,2.515338994562626,250,False,1.7328936362617378
arenas13,11,0.155993,0.162163,7.82904,80.4915,108.501,0.0933629,38.3736,96.9238,0.131759,6.47625,2,2.276899054646492,4.310293216258287,2.0333941616117954,250,False,1.8032653445347009
arenas13,12,0.137594,0.141554,7.85832,71.7453,237.403,0.0670676,61.1118,88.1413,0.170893,9.20313,3,1.7893540859222412,3.3284734338521957,1.5391193479299545,8000,True,1.20614604110417
arenas13,13,0.153599,0.155787,9.16735,95.6454,211.906,0.0799827,63.3786,109.99,0.226369,13.6969,3,2.121122594922781,3.799065340310335,1.6779427453875542,2000,False,1.421816464008121
arenas13,14,0.146726,0.148908,6.55133,56.084,177.512,0.0734776,26.2985,80.184,0.156056,7.07776,3,1.8517136983573437,3.6201278679072857,1.768414169549942,2000,False,1.25151667048513
arenas13,15,0.126809,0.127483,6.6583,59.1478,93.8803,0.0551785,54.2103,80.0438,0.168618,7.74481,3,2.8785769753158092,4.559550389647484,1.6809734143316746,500,False,1.9623608214153163
arenas13,16,0.170804,0.175717,9.24126,84.3498,107.909,0.103693,52.622,89.9916,0.178246,9.94884,2,2.5265442188829184,3.6392434295266867,1.1126992106437683,8000,True,1.6773116773832093
arenas13,17,0.129875,0.133351,7.81914,64.7742,124.372,0.0606027,34.2174,99.3354,0.167714,9.14806,3,1.645927906036377,3.8328074105083942,2.1868795044720173,1000,False,1.5189594405152467
val,2,0.064858,0.0827847,1.68943,18.5903,28.09,0.003923,-28.4535,40.7635,0.132244,6.46255,2,,,,,,
val,3,0.0336755,0.0350397,0.651499,16.9992,25.1208,0.0033564,-33.5469,52.6712,0.144129,6.70992,3,,,,,,
val,4,0.0693164,0.0658235,1.59674,22.4786,30.8456,0.0109844,-29.187,41.8866,0.113836,5.35292,4,,,,,,
val,5,0.0260387,0.0261908,0.447152,15.5798,21.5884,0.000771632,-30.4965,39.2843,0.139827,6.35963,5,,,,,,
floor,min,0.0223251,0.0222806,0.378488,14.5096,19.1888,0.000428296,-36.6313,39.0428,0.102274,4.46649,,,,,,,
floor,max,0.0933735,0.123552,2.76818,22.393,45.1132,0.0155113,-20.5715,51.4182,0.154892,8.53661,,,,,,,
